ID1,ID2,Value,Correlation,Retention Time Difference,MZ Difference,Matched MZ Difference,Matched FormulaChange,Matched Reaction Description
548.0,1444.0,1.5447613494977614,0.999805622840804,0.0,18.0111,18.0106,(+H2O),Hydrolyzation/loss of H2O
692.0,1364.0,1.7465719963418307,-0.0307389106942195,0.9350000000000024,13.980000000000018,13.9793,(H2+O),dehydrogenation and gain  of oxygen
692.0,1523.0,1.853426244380336,0.0245827982137696,0.6600000000000001,17.026700000000005,17.0265,NH3,Add. Ions (M+NH4)
692.0,1595.0,1.75210571243137,0.8930809229202817,3.331999999999999,18.010400000000004,18.0106,(+H2O),Hydrolyzation/loss of H2O
737.0,2021.0,1.974958896307965,0.1503813097361302,0.1430000000000006,26.015600000000006,26.015,(+C2H2)/ (+C2H2O-O),Acetylation and  loss of OH
737.0,2114.0,1.9790912018651496,0.1415049813566297,1.5130000000000017,28.031799999999976,28.0313,(+C2H4),loss/addition of C2H4
737.0,3852.0,1.9431258064212604,0.1263794302131127,0.6780000000000008,70.04219999999998,70.0419,(+C4H6O),butyrylation
737.0,6902.0,1.9433716024496657,0.5176380848626014,2.756,161.0156,161.0146,(+C5H7NO3S),N-Acetylcysteine
744.0,1429.0,1.9516870788711744,0.99999877991995,0.2539999999999995,14.01600000000002,14.0157,(+CH2),Methylation/Demethylation
746.0,1428.0,1.6087274482817584,0.99991301195771,0.2539999999999995,14.015899999999988,14.0157,(+CH2),Methylation/Demethylation
766.0,1551.0,1.8512783192437816,0.9981808574941056,2.231,15.995300000000045,15.9949,(O),oxidation/hydroxylation
766.0,1552.0,1.7577473030373931,0.9980808341252796,1.758,15.995300000000045,15.9949,(O),oxidation/hydroxylation
902.0,1777.0,1.9922950139729267,-0.0939475239214071,1.686,18.011000000000024,18.0106,(+H2O),Hydrolyzation/loss of H2O
902.0,1778.0,1.995911141293204,0.9995581496981046,0.879999999999999,18.0111,18.0106,(+H2O),Hydrolyzation/loss of H2O
902.0,1779.0,1.993786783172673,0.9956998455691122,1.0189999999999984,18.01120000000003,18.0106,(+H2O),Hydrolyzation/loss of H2O
902.0,2424.0,1.9942859861873348,0.9999810753541004,0.7569999999999979,31.9896,31.9898,(+2O),Dihydroxylation
902.0,3464.0,1.9169334362352413,0.9997793503214386,1.3810000000000002,56.06530000000004,56.0626,(C4H8),loss of butyl
941.0,2188.0,1.6464819411269742,0.9878377523446696,1.2649999999999988,26.015199999999997,26.015,(+C2H2)/ (+C2H2O-O),Acetylation and  loss of OH
1101.0,2156.0,1.7687677774771564,-0.2438697832139862,2.2600000000000016,22.00559999999996,22.0055,(-CH2+2H2O),Demethylation+Dihydrolyzation
1101.0,2160.0,1.8750885499649204,0.992935709284922,1.0079999999999991,22.0059,22.0055,(-CH2+2H2O),Demethylation+Dihydrolyzation
1101.0,2790.0,1.8569928040436008,0.999809938676745,0.8889999999999993,36.02139999999997,36.0212,(2*H2O),Hydrogenation+Oxydrolysis/Ester hydrolysis on furan ring
1101.0,2791.0,1.890981171112664,0.9972126064742666,1.7029999999999994,36.0215,36.0212,(2*H2O),Hydrogenation+Oxydrolysis/Ester hydrolysis on furan ring
1364.0,1595.0,1.6217262922316469,0.4219223000902629,4.267000000000001,4.030399999999986,4.0313,(-2H2),Dihydrogenation
1523.0,1595.0,1.7389645310830013,0.4714347120521268,3.991999999999999,0.9836999999999988,0.984,(-NH2+OH),oxidativedeamination
1523.0,5028.0,1.6549095373785814,0.998442648125298,1.1920000000000002,85.09280000000001,85.0891,(+C5NH11),loss/addition of choline
1777.0,2424.0,1.9982474448999727,-0.0895248863152868,0.929000000000002,13.978599999999972,13.9793,(H2+O),dehydrogenation and gain  of oxygen
1778.0,2424.0,1.998118274902955,0.9996774410239226,0.1230000000000011,13.978499999999997,13.9793,(H2+O),dehydrogenation and gain  of oxygen
1779.0,2424.0,1.9992718315071285,0.9961021649463196,0.2620000000000004,13.978399999999963,13.9793,(H2+O),dehydrogenation and gain  of oxygen
2021.0,2114.0,1.986235478825516,0.992477768340264,1.370000000000001,2.0161999999999694,2.0157,(H2),dehydrogenation/hydrogenation
2021.0,3174.0,1.9886639628059768,0.998726399722477,1.0670000000000002,26.016899999999964,26.015,(+C2H2)/ (+C2H2O-O),Acetylation and  loss of OH
2021.0,3255.0,1.991641535258208,0.9769857232901512,1.8580000000000003,28.03109999999998,28.0313,(+C2H4),loss/addition of C2H4
2021.0,3256.0,1.990240501685085,0.9966508573944708,2.0730000000000004,28.031299999999987,28.0313,(+C2H4),loss/addition of C2H4
2021.0,3494.0,1.5434212776246097,-0.2212949129454838,3.367000000000001,34.00609999999995,34.0055,(+O+H2O),Oxydrolysis/Hydrogenation+Dihydroxylation
2021.0,3852.0,1.782233783596339,0.9989689239710604,0.5350000000000001,44.02659999999997,44.0263,(+H2+ C2H2O),Acetylation and hydrogenation
2021.0,4316.0,1.9924271513488736,0.996141115223722,2.695999999999998,56.0641,56.0626,(C4H8),loss of butyl
2114.0,3174.0,1.9739377695615272,0.9929841817394373,0.3030000000000008,24.000699999999995,24.0,(C2H2O-H2O),Acetylation and loss of H2O
2114.0,3255.0,1.9924093050993184,0.9950754225530488,0.4879999999999995,26.01490000000001,26.015,(+C2H2)/ (+C2H2O-O),Acetylation and  loss of OH
2114.0,3256.0,1.986628623728354,0.998329326338697,0.7029999999999994,26.015100000000015,26.015,(+C2H2)/ (+C2H2O-O),Acetylation and  loss of OH
2114.0,3852.0,1.9673948071715133,0.9960978015082992,0.8350000000000009,42.0104,42.0106,(+C2H2O),Acetylation/Deacetylation
2114.0,3859.0,1.9920021563308128,0.9934407827745364,1.3589999999999982,42.04610000000002,42.047,(3*CH2),loss of propylgroup
2114.0,4391.0,1.9892467411753856,0.998938802867923,1.700999999999997,56.06270000000001,56.0626,(C4H8),loss of butyl
2114.0,4908.0,1.975176111774939,0.9947065775271724,0.3519999999999967,70.04180000000002,70.0419,(+C4H6O),butyrylation
2114.0,5435.0,1.8513608598777824,0.9927179407112298,2.2379999999999995,85.09359999999998,85.0891,(+C5NH11),loss/addition of choline
2156.0,2790.0,1.7909355992459168,-0.2397629203860969,1.3710000000000022,14.015800000000011,14.0157,(+CH2),Methylation/Demethylation
2156.0,2791.0,1.843713460666352,-0.2661668631008785,0.5570000000000022,14.015900000000045,14.0157,(+CH2),Methylation/Demethylation
2156.0,3461.0,1.5896762961158664,-0.2597396011701016,0.532,30.0111,30.0106,(+O+CH2),Hydroxylation+methylation/Demethoxylation
2156.0,3464.0,1.7143665762055584,-0.2387440638209889,1.368000000000002,30.01120000000003,30.0106,(+O+CH2),Hydroxylation+methylation/Demethoxylation
2156.0,5918.0,1.7360565288099403,-0.2135209965943585,3.8320000000000007,100.0534,100.0524,(-C5H8O2),Loss of hydrogenatedc angelica ester group
2160.0,2790.0,1.935370771254605,0.992160203537542,0.1189999999999997,14.015499999999976,14.0157,(+CH2),Methylation/Demethylation
2160.0,2791.0,1.939341506703426,0.9844463846472176,0.6950000000000003,14.015600000000006,14.0157,(+CH2),Methylation/Demethylation
2160.0,3461.0,1.6271121163985098,0.985790859013671,0.7200000000000024,30.01079999999996,30.0106,(+O+CH2),Hydroxylation+methylation/Demethoxylation
2160.0,5918.0,1.7058349611595325,0.9954814407015572,2.5799999999999983,100.05309999999996,100.0524,(-C5H8O2),Loss of hydrogenatedc angelica ester group
2623.0,4273.0,1.517030246976126,0.1815059889847841,0.3049999999999997,42.048599999999965,42.047,(3*CH2),loss of propylgroup
2790.0,3461.0,1.6318084957021608,0.9988032836844812,0.8390000000000022,15.995299999999986,15.9949,(O),oxidation/hydroxylation
2790.0,3464.0,1.876078017363859,0.9999993847837072,0.0030000000000001,15.995400000000018,15.9949,(O),oxidation/hydroxylation
2790.0,4062.0,1.6779462897329869,0.9998210189392142,1.157,32.02710000000002,32.0263,(+H2+ OCH2)/(-CH2-H2O),hydrogenation and Methylation
2790.0,5894.0,1.877779630780816,0.9997564080688496,1.7939999999999987,85.0897,85.0891,(+C5NH11),loss/addition of choline
2790.0,6350.0,1.687605794440709,0.999503857393252,1.2049999999999983,100.05270000000002,100.0524,(-C5H8O2),Loss of hydrogenatedc angelica ester group
2791.0,3461.0,1.58634394130652,0.9999215696090364,0.0250000000000021,15.995199999999954,15.9949,(O),oxidation/hydroxylation
2791.0,3464.0,1.9012187549148765,0.9982365489881648,0.8109999999999999,15.995299999999986,15.9949,(O),oxidation/hydroxylation
2791.0,4062.0,1.6622929749796362,0.9973235812403722,0.3429999999999999,32.02699999999999,32.0263,(+H2+ OCH2)/(-CH2-H2O),hydrogenation and Methylation
2791.0,5894.0,1.9072481532708072,0.9970364718604178,2.6079999999999988,85.08959999999996,85.0891,(+C5NH11),loss/addition of choline
2791.0,6350.0,1.697952736226024,0.996012052811049,2.0189999999999984,100.05259999999998,100.0524,(-C5H8O2),Loss of hydrogenatedc angelica ester group
2885.0,3391.0,1.816783226275106,0.3089815256079998,0.4819999999999993,11.99980000000005,12.0,(CO-O/CH2-H2),addition of CO and dehydroxylation /Methylation and dehydrogenation
3174.0,3255.0,1.9798837188230192,0.976425750536166,0.7910000000000004,2.0142000000000166,2.0157,(H2),dehydrogenation/hydrogenation
3174.0,3256.0,1.983965547875199,0.998039930148944,1.0060000000000002,2.0144000000000237,2.0157,(H2),dehydrogenation/hydrogenation
3174.0,3852.0,1.987153985720439,0.9994413399819512,0.532,18.00970000000001,18.0106,(+H2O),Hydrolyzation/loss of H2O
3174.0,4230.0,1.9798460675808576,0.998923950560662,1.166999999999998,28.029600000000016,28.0313,(+C2H4),loss/addition of C2H4
3174.0,4316.0,1.9807061785319904,0.9974481613668892,1.6289999999999978,30.047200000000032,30.047,(+H2+C2H4),hydrogenation and addition of C2H4
3174.0,4541.0,1.56865787688531,0.998023930475421,1.9280000000000008,36.02120000000002,36.0212,(2*H2O),Hydrogenation+Oxydrolysis/Ester hydrolysis on furan ring
3174.0,5259.0,1.9729791407857928,0.9869201180908376,1.869,56.0609,56.0626,(C4H8),loss of butyl
3174.0,5261.0,1.984721586995979,0.9997903755614512,2.030999999999999,56.06270000000001,56.0626,(C4H8),loss of butyl
3255.0,3852.0,1.9767792612083173,0.9826583284746748,1.3230000000000004,15.995499999999993,15.9949,(O),oxidation/hydroxylation
3255.0,3859.0,1.992689978473458,0.9772483657315982,0.8709999999999987,16.031200000000013,16.0314,(+H2+CH2),hydrogenation and Methylation
3255.0,4230.0,1.9821599784499773,0.9849444353995976,0.3759999999999976,26.0154,26.015,(+C2H2)/ (+C2H2O-O),Acetylation and  loss of OH
3255.0,4316.0,1.9936620990774068,0.9890956373602768,0.8379999999999974,28.033000000000012,28.0313,(+C2H4),loss/addition of C2H4
3255.0,4391.0,1.9936234555244208,0.9973564148975304,1.2129999999999974,30.047799999999995,30.047,(+H2+C2H4),hydrogenation and addition of C2H4
3255.0,4908.0,1.9852884433367848,0.9796441890689926,0.1360000000000027,44.02690000000001,44.0263,(+H2+ C2H2O),Acetylation and hydrogenation
3255.0,5324.0,1.9960268433953503,0.9881141771976684,1.3539999999999992,56.06189999999998,56.0626,(C4H8),loss of butyl
3256.0,3852.0,1.9816421324704323,0.9992626025193158,1.5380000000000005,15.995299999999986,15.9949,(O),oxidation/hydroxylation
3256.0,3859.0,1.987790819577292,0.9983782828139128,0.6559999999999988,16.031000000000006,16.0314,(+H2+CH2),hydrogenation and Methylation
3256.0,4230.0,1.9851543380665928,0.9998556756384472,0.1609999999999978,26.015199999999997,26.015,(+C2H2)/ (+C2H2O-O),Acetylation and  loss of OH
3256.0,4316.0,1.9938014240358293,0.9999592042366776,0.6229999999999976,28.03280000000001,28.0313,(+C2H4),loss/addition of C2H4
3256.0,4391.0,1.9899561424881909,0.9955731016480658,0.9979999999999976,30.04759999999999,30.047,(+H2+C2H4),hydrogenation and addition of C2H4
3256.0,4541.0,1.509638799198543,0.9955274686797722,2.934000000000001,34.0068,34.0055,(+O+H2O),Oxydrolysis/Hydrogenation+Dihydroxylation
3256.0,4908.0,1.9894268282635603,0.9989685541192534,0.3510000000000026,44.026700000000005,44.0263,(+H2+ C2H2O),Acetylation and hydrogenation
3256.0,5324.0,1.991975957660045,0.9999849880842636,1.1389999999999991,56.06169999999997,56.0626,(C4H8),loss of butyl
3391.0,4273.0,1.59837908573556,0.9999201093495236,0.1580000000000012,24.00129999999996,24.0,(C2H2O-H2O),Acetylation and loss of H2O
3417.0,4011.0,1.905220013205532,0.9962197127245862,0.0,15.994899999999973,15.9949,(O),oxidation/hydroxylation
3417.0,5052.0,1.8896824406502013,0.999774246812164,0.455,44.025499999999965,44.0263,(+H2+ C2H2O),Acetylation and hydrogenation
3417.0,5593.0,1.6745971414494294,0.9991474056445836,0.4539999999999997,60.02169999999995,60.0211,(OCH2+OCH2),di-methoxylation
3461.0,4062.0,1.74045550938797,0.9979544841310568,0.3179999999999978,16.031800000000032,16.0314,(+H2+CH2),hydrogenation and Methylation
3461.0,5918.0,1.840056483576601,0.9966993310925628,3.3000000000000007,70.04230000000001,70.0419,(+C4H6O),butyrylation
3461.0,6350.0,1.7367357444456446,0.9968710484011096,2.0440000000000005,84.05740000000003,84.0575,(-C5H8O),Deisopentenyloxy
3464.0,5918.0,1.5065879272703628,0.9994327484026264,2.463999999999998,70.04219999999998,70.0419,(+C4H6O),butyrylation
3817.0,3911.0,1.7381814650151155,0.949976144027554,0.0259999999999998,1.9793000000000236,1.9793,(-CH2+O),Demethylation -Hydroxylation
3817.0,4394.0,1.712157075795917,0.9463726144457691,0.7639999999999993,15.01060000000001,15.0109,(+NH),addition of NH
3817.0,4803.0,1.8711616691341173,0.9458680563016216,0.1490000000000009,25.9794,25.9792,(+CO-H2),addition of CO and dehydrogenation
3817.0,5028.0,1.7209762107326707,0.944709936317254,0.4499999999999993,31.990200000000016,31.9898,(+2O),Dihydroxylation
3818.0,3911.0,1.7708058168516172,0.8638590382304522,0.2630000000000017,1.979199999999992,1.9793,(-CH2+O),Demethylation -Hydroxylation
3818.0,4394.0,1.608187788736239,0.8564439129149797,0.4749999999999978,15.01049999999998,15.0109,(+NH),addition of NH
3818.0,4803.0,1.8706535184617623,0.8558866581279131,0.1400000000000005,25.979299999999967,25.9792,(+CO-H2),addition of CO and dehydrogenation
3818.0,5028.0,1.766095577084807,0.8554260678222246,0.1609999999999978,31.990099999999984,31.9898,(+2O),Dihydroxylation
3852.0,3942.0,1.5239548463431003,0.9991317496354836,0.945999999999998,2.0153000000000247,2.0157,(H2),dehydrogenation/hydrogenation
3852.0,4541.0,1.60395901213989,0.998312554694786,1.3960000000000008,18.011500000000012,18.0106,(+H2O),Hydrolyzation/loss of H2O
3852.0,4908.0,1.9948013392689767,0.9995569299145866,1.1869999999999976,28.03140000000002,28.0313,(+C2H4),loss/addition of C2H4
3859.0,4230.0,1.96937508962328,0.9992009472559592,0.495000000000001,9.984199999999989,9.9843,(CO-H2O),Hydrolyzation and addition of CO
3859.0,4316.0,1.9939559222572008,0.9978254761062718,0.0330000000000012,12.001800000000005,12.0,(CO-O/CH2-H2),addition of CO and dehydroxylation /Methylation and dehydrogenation
3859.0,4391.0,1.9965533556851216,0.9888143955709436,0.3419999999999987,14.016599999999984,14.0157,(+CH2),Methylation/Demethylation
3859.0,4908.0,1.976468160414204,0.999931048220183,1.0070000000000014,27.9957,27.9949,(+CO)/(+OCH2-H2),loss/addition of CO
3859.0,5393.0,1.9942674125586703,0.9627798156021992,0.754999999999999,42.04809999999998,42.047,(3*CH2),loss of propylgroup
3911.0,4803.0,1.630804847628072,0.9998710486926318,0.1230000000000011,24.00009999999997,24.0,(C2H2O-H2O),Acetylation and loss of H2O
3911.0,5028.0,1.552760456482892,0.9998333513131916,0.4239999999999995,30.010899999999992,30.0106,(+O+CH2),Hydroxylation+methylation/Demethoxylation
3911.0,5894.0,1.6015442972159677,0.999871048692632,2.914,57.02229999999997,57.0215,(+C2H3NO),glycine conjugation
3942.0,4541.0,1.83174190444907,0.996900922791878,2.3419999999999987,15.996199999999988,15.9949,(O),oxidation/hydroxylation
4011.0,5052.0,1.5893581703414563,0.9943505538540292,0.455,28.030599999999996,28.0313,(+C2H4),loss/addition of C2H4
4011.0,5593.0,1.9229020329309072,0.9963913336619148,0.4539999999999997,44.02679999999998,44.0263,(+H2+ C2H2O),Acetylation and hydrogenation
4062.0,4801.0,1.5887078948410185,0.9999847178292268,0.4720000000000013,20.026599999999974,20.0263,(+H2+ H2O),Dehydrogenation and Hydrolyzation
4062.0,5151.0,1.5995283541877805,0.9987797459500272,0.8130000000000024,30.04589999999996,30.047,(+H2+C2H4),hydrogenation and addition of C2H4
4062.0,6350.0,1.794540196057501,0.999584456469074,2.3619999999999983,68.0256,68.0262,(+C4H4O),crotonylation
4230.0,4316.0,1.981433892968658,0.999661731792693,0.4619999999999997,2.017600000000016,2.0157,(H2),dehydrogenation/hydrogenation
4230.0,4391.0,1.970325190110655,0.9938822608358662,0.8369999999999997,4.032399999999996,4.0313,(-2H2),Dihydrogenation
4230.0,4908.0,1.9916875911189047,0.9995956956338752,0.5120000000000005,18.011500000000012,18.0106,(+H2O),Hydrolyzation/loss of H2O
4230.0,5259.0,1.9957885870166328,0.99308843653062,0.7020000000000017,28.031299999999987,28.0313,(+C2H4),loss/addition of C2H4
4230.0,5261.0,1.9869567159409989,0.9994922962847032,0.8640000000000008,28.03309999999999,28.0313,(+C2H4),loss/addition of C2H4
4230.0,5324.0,1.9739449467885497,0.999793286704456,0.9780000000000016,30.04649999999998,30.047,(+H2+C2H4),hydrogenation and addition of C2H4
4273.0,4801.0,1.7569517752385255,0.9999921666756736,0.0489999999999994,14.015600000000006,14.0157,(+CH2),Methylation/Demethylation
4316.0,4391.0,1.9976681372297136,0.9963664744525892,0.375,2.01479999999998,2.0157,(H2),dehydrogenation/hydrogenation
4316.0,4908.0,1.9875276706243663,0.9985181316000348,0.9740000000000002,15.993899999999996,15.9949,(O),oxidation/hydroxylation
4316.0,5259.0,1.9696378151782907,0.9958032489377004,0.240000000000002,26.01369999999997,26.015,(+C2H2)/ (+C2H2O-O),Acetylation and  loss of OH
4316.0,5261.0,1.8423309711480813,0.9983276965683988,0.402000000000001,26.01549999999997,26.015,(+C2H2)/ (+C2H2O-O),Acetylation and  loss of OH
4316.0,5324.0,1.9983679546435509,0.999971976764209,0.5160000000000018,28.028899999999965,28.0313,(+C2H4),loss/addition of C2H4
4316.0,5393.0,1.9973439143032443,0.9784564513909524,0.7880000000000003,30.04629999999997,30.047,(+H2+C2H4),hydrogenation and addition of C2H4
4391.0,4908.0,1.979653152046084,0.9903973901240172,1.3490000000000002,13.979100000000017,13.9793,(H2+O),dehydrogenation and gain  of oxygen
4391.0,5259.0,1.954535175891189,0.999649887146842,0.134999999999998,23.998899999999992,24.0,(C2H2O-H2O),Acetylation and loss of H2O
4391.0,5261.0,1.99174709412184,0.9899793901905636,0.027000000000001,24.000699999999995,24.0,(C2H2O-H2O),Acetylation and loss of H2O
4391.0,5324.0,1.998306990991014,0.995921816340458,0.1410000000000018,26.014099999999985,26.015,(+C2H2)/ (+C2H2O-O),Acetylation and  loss of OH
4391.0,5393.0,1.998513171309281,0.9921569448880164,0.4130000000000002,28.031499999999998,28.0313,(+C2H4),loss/addition of C2H4
4394.0,5894.0,1.8260903765779768,0.9999987431469592,3.6519999999999992,43.99099999999999,43.9898,(-CO2),Decarboxylation/Carboxylation
4803.0,6350.0,1.827155566924516,0.9996274975586196,2.4480000000000004,47.98520000000002,47.9847,(+O3),Trihydroxylation/Thiol to Sulfonic acid
4914.0,7912.0,1.8550172810658223,0.9978748968388323,5.003,97.97770000000004,97.9769,(+H3PO4),addition of Phosphate and H2O
4914.0,7913.0,1.827767122627962,0.999993331906714,5.438000000000001,97.9801,97.9769,(+H3PO4),addition of Phosphate and H2O
5028.0,5151.0,1.576361524349474,0.9987951206368872,0.4260000000000019,3.994699999999966,3.9949,(H2O-CH2),Hydrolyzation and Demethylation
5028.0,6062.0,1.667467189107044,0.8708591573219578,0.0139999999999993,32.02539999999999,32.0263,(+H2+ OCH2)/(-CH2-H2O),hydrogenation and Methylation
5052.0,5593.0,1.8314905403267885,0.9990366878177284,0.0010000000000003,15.996199999999988,15.9949,(O),oxidation/hydroxylation
5052.0,6439.0,1.9198885798414511,0.994880837944737,0.4089999999999998,44.0274,44.0263,(+H2+ C2H2O),Acetylation and hydrogenation
5052.0,6942.0,1.6416447629273017,0.9873393237089286,0.4080000000000003,60.02160000000004,60.0211,(OCH2+OCH2),di-methoxylation
5259.0,5324.0,1.9635638079656808,0.9951972547116832,0.2759999999999998,2.015199999999993,2.0157,(H2),dehydrogenation/hydrogenation
5259.0,5393.0,1.9588011015167728,0.9931529430323798,0.5479999999999983,4.032600000000002,4.0313,(-2H2),Dihydrogenation
5259.0,6103.0,1.982680588831148,0.9982962456367912,0.2650000000000005,26.0163,26.015,(+C2H2)/ (+C2H2O-O),Acetylation and  loss of OH
5261.0,5324.0,1.9922313814333368,0.9986639407079286,0.1140000000000007,2.01339999999999,2.0157,(H2),dehydrogenation/hydrogenation
5261.0,5393.0,1.8451919472381249,0.964938883514891,0.3859999999999992,4.030799999999999,4.0313,(-2H2),Dihydrogenation
5261.0,6103.0,1.9681621735302064,0.9784765387768996,0.1030000000000015,26.0145,26.015,(+C2H2)/ (+C2H2O-O),Acetylation and  loss of OH
5324.0,5393.0,1.996807385949059,0.9772129509833604,0.2719999999999984,2.017400000000009,2.0157,(H2),dehydrogenation/hydrogenation
5324.0,5951.0,1.871118872969915,0.9999599703097636,0.1649999999999991,20.02800000000002,20.0263,(+H2+ H2O),Dehydrogenation and Hydrolyzation
5324.0,5952.0,1.984835066421124,0.9974659570793344,0.6640000000000015,20.0283,20.0263,(+H2+ H2O),Dehydrogenation and Hydrolyzation
5324.0,6103.0,1.9501069157155524,0.9878049940812836,0.0109999999999992,24.001100000000008,24.0,(C2H2O-H2O),Acetylation and loss of H2O
5393.0,5951.0,1.8592092926639907,0.9762886377167947,0.1069999999999993,18.01060000000001,18.0106,(+H2O),Hydrolyzation/loss of H2O
5393.0,5952.0,1.987550307586209,0.959635404233554,0.936,18.010899999999992,18.0106,(+H2O),Hydrolyzation/loss of H2O
5393.0,6103.0,1.950377741012824,0.998207446511416,0.2829999999999977,21.9837,21.9819,Na-H,Add. Ions (M+Na)
5435.0,6350.0,1.5079130959195908,0.9997546337683404,2.4480000000000004,29.973600000000037,29.9742,(+O2-H2),deoxidation and hydrogenation
5593.0,6439.0,1.7023606940040503,0.9968657519801644,0.4100000000000001,28.031200000000013,28.0313,(+C2H4),loss/addition of C2H4
5593.0,6942.0,1.9460407902164376,0.992772049691962,0.4090000000000007,44.02540000000005,44.0263,(+H2+ C2H2O),Acetylation and hydrogenation
5660.0,6593.0,1.5002932680948988,0.9999958762161378,0.0069999999999996,30.01150000000001,30.0106,(+O+CH2),Hydroxylation+methylation/Demethoxylation
5918.0,6350.0,1.889509379271432,0.9999904843110696,1.2560000000000002,14.015100000000018,14.0157,(+CH2),Methylation/Demethylation
6224.0,6726.0,1.84241551112382,-0.3235625204634944,1.266,15.995499999999993,15.9949,(O),oxidation/hydroxylation
6224.0,7148.0,1.8291450080203824,0.0875498971318314,0.6939999999999991,30.010699999999986,30.0106,(+O+CH2),Hydroxylation+methylation/Demethoxylation
6224.0,7149.0,1.828808906998622,0.9846751948904904,0.4609999999999985,30.010800000000017,30.0106,(+O+CH2),Hydroxylation+methylation/Demethoxylation
6224.0,7151.0,1.8293729869341808,-0.2962508933706114,2.5730000000000004,30.010899999999992,30.0106,(+O+CH2),Hydroxylation+methylation/Demethoxylation
6224.0,7153.0,1.8143255069894708,0.7300592355108564,0.4540000000000006,30.011000000000024,30.0106,(+O+CH2),Hydroxylation+methylation/Demethoxylation
6439.0,6942.0,1.8663053975868105,0.9965893836545128,0.0009999999999994,15.994200000000037,15.9949,(O),oxidation/hydroxylation
6541.0,6969.0,1.955807421154785,0.9999999999999996,0.354000000000001,14.015300000000025,14.0157,(+CH2),Methylation/Demethylation
6541.0,6970.0,1.936365955411791,1.0,2.099,14.015300000000025,14.0157,(+CH2),Methylation/Demethylation
6593.0,6726.0,1.607661838376934,0.9997591863787412,1.309000000000001,3.994799999999998,3.9949,(H2O-CH2),Hydrolyzation and Demethylation
6593.0,7148.0,1.7038279145061646,-0.2679566028028577,3.269,18.00999999999999,18.0106,(+H2O),Hydrolyzation/loss of H2O
6593.0,7149.0,1.7551364130995335,-0.3450406991115592,3.036,18.010100000000023,18.0106,(+H2O),Hydrolyzation/loss of H2O
6593.0,7151.0,1.7470512403721272,0.9999705466472526,0.0020000000000006,18.010199999999998,18.0106,(+H2O),Hydrolyzation/loss of H2O
6593.0,7153.0,1.7329352457484513,0.3845749566496519,2.1210000000000004,18.01030000000003,18.0106,(+H2O),Hydrolyzation/loss of H2O
6593.0,7496.0,1.6092379755380446,0.9997861797782251,0.4109999999999996,30.009400000000028,30.0106,(+O+CH2),Hydroxylation+methylation/Demethoxylation
6593.0,7498.0,1.575216625426045,0.999780724140264,3.7070000000000007,30.009599999999978,30.0106,(+O+CH2),Hydroxylation+methylation/Demethoxylation
6593.0,7500.0,1.5946863123918753,0.9999002873365004,4.048,30.00970000000001,30.0106,(+O+CH2),Hydroxylation+methylation/Demethoxylation
6664.0,7081.0,1.9734096394088216,0.9992713284464444,0.997,14.014700000000005,14.0157,(+CH2),Methylation/Demethylation
6664.0,8974.0,1.6736990141805304,0.9988839146229616,3.706,85.08710000000002,85.0891,(+C5NH11),loss/addition of choline
6664.0,10042.0,1.687746043359858,0.7238509142540939,3.59,143.0953,143.0946,(+C7H13NO2),loss/addition of Carnitine
6726.0,7083.0,1.605914451192148,0.9999602943006598,3.69,12.00060000000002,12.0,(CO-O/CH2-H2),addition of CO and dehydroxylation /Methylation and dehydrogenation
6726.0,7148.0,1.954733395254184,-0.2626423959411578,1.959999999999999,14.015199999999991,14.0157,(+CH2),Methylation/Demethylation
6726.0,7149.0,1.977486165854456,-0.3636153526259655,1.7269999999999983,14.015300000000025,14.0157,(+CH2),Methylation/Demethylation
6726.0,7151.0,1.978354905503654,0.999561862663656,1.3070000000000004,14.0154,14.0157,(+CH2),Methylation/Demethylation
6726.0,7153.0,1.962036907502577,0.3642303548721335,0.8119999999999994,14.015500000000031,14.0157,(+CH2),Methylation/Demethylation
6726.0,9239.0,1.8774753146043976,0.3106788431768832,0.8259999999999987,93.97350000000006,93.9725,(+CH2+SO3),Methylation+sulfatation
7083.0,7496.0,1.8519343814320053,0.9999481865987484,5.41,14.01400000000001,14.0157,(+CH2),Methylation/Demethylation
7083.0,7498.0,1.8527725664539805,0.9998099386688456,1.2919999999999998,14.01419999999996,14.0157,(+CH2),Methylation/Demethylation
7083.0,7500.0,1.877387989932648,0.9998596824151934,0.9510000000000004,14.014299999999992,14.0157,(+CH2),Methylation/Demethylation
7148.0,7496.0,1.6178685540177855,-0.263011619634739,3.68,11.999400000000035,12.0,(CO-O/CH2-H2),addition of CO and dehydroxylation /Methylation and dehydrogenation
7148.0,7498.0,1.6555126678015726,-0.2516222950110985,0.4380000000000006,11.999599999999988,12.0,(CO-O/CH2-H2),addition of CO and dehydroxylation /Methylation and dehydrogenation
7148.0,7500.0,1.665612166958931,-0.2649180241602133,0.7789999999999999,11.999700000000018,12.0,(CO-O/CH2-H2),addition of CO and dehydroxylation /Methylation and dehydrogenation
7148.0,7649.0,1.9389988138451868,-0.2662178702317617,3.276,17.02600000000001,17.0265,NH3,Add. Ions (M+NH4)
7148.0,7870.0,1.8838718077899408,-0.2810728017992654,0.125,26.016500000000008,26.015,(+C2H2)/ (+C2H2O-O),Acetylation and  loss of OH
7148.0,9239.0,1.911777504603904,-0.3386689032392929,1.1340000000000003,79.95830000000007,79.9568,(+SO3),sulfate conjugation
7148.0,10621.0,1.9537353321120896,0.2815445063571401,0.2330000000000005,176.03090000000003,176.0321,(+C6H8O6),Glucuronidation
7149.0,7496.0,1.6720428618577086,-0.3625727950302198,3.446999999999999,11.999300000000003,12.0,(CO-O/CH2-H2),addition of CO and dehydroxylation /Methylation and dehydrogenation
7149.0,7498.0,1.7000971230121888,-0.3534386586960963,0.6710000000000012,11.999499999999957,12.0,(CO-O/CH2-H2),addition of CO and dehydroxylation /Methylation and dehydrogenation
7149.0,7500.0,1.7146455285094029,-0.3571613012021774,1.0120000000000005,11.999599999999988,12.0,(CO-O/CH2-H2),addition of CO and dehydroxylation /Methylation and dehydrogenation
7149.0,7649.0,1.976506852182024,-0.3534439071912628,3.0429999999999997,17.02589999999998,17.0265,NH3,Add. Ions (M+NH4)
7149.0,7870.0,1.8854835748931544,-0.3322968138004744,0.3580000000000005,26.016399999999976,26.015,(+C2H2)/ (+C2H2O-O),Acetylation and  loss of OH
7149.0,8960.0,1.5049531600656203,-0.3709232258734647,2.064,68.06179999999995,68.0626,(-C5H8),Deisopentenylation
7149.0,9239.0,1.955922422079426,0.6772662758295362,0.9009999999999998,79.95820000000003,79.9568,(+SO3),sulfate conjugation
7149.0,10621.0,1.9696939070693988,0.999746646864772,0.0,176.0308,176.0321,(+C6H8O6),Glucuronidation
7151.0,7496.0,1.656850570362244,0.9995985246412858,0.4130000000000002,11.99920000000003,12.0,(CO-O/CH2-H2),addition of CO and dehydroxylation /Methylation and dehydrogenation
7151.0,7498.0,1.6840762052343266,0.9996332688376222,3.705,11.99939999999998,12.0,(CO-O/CH2-H2),addition of CO and dehydroxylation /Methylation and dehydrogenation
7151.0,7500.0,1.6967254747738307,0.9997627360610686,4.045999999999999,11.999500000000012,12.0,(CO-O/CH2-H2),addition of CO and dehydroxylation /Methylation and dehydrogenation
7151.0,7649.0,1.971470534942176,0.9998503299028348,0.0090000000000003,17.025800000000004,17.0265,NH3,Add. Ions (M+NH4)
7151.0,7870.0,1.878695732638768,0.9998099412230356,3.3919999999999995,26.0163,26.015,(+C2H2)/ (+C2H2O-O),Acetylation and  loss of OH
7151.0,9239.0,1.9465034260417584,0.3386520617828449,2.132999999999999,79.95810000000006,79.9568,(+SO3),sulfate conjugation
7151.0,10621.0,1.969306793855504,-0.3430300548337456,3.033999999999999,176.03070000000002,176.0321,(+C6H8O6),Glucuronidation
7153.0,7496.0,1.6397467800604906,0.3654106946647819,2.532,11.9991,12.0,(CO-O/CH2-H2),addition of CO and dehydroxylation /Methylation and dehydrogenation
7153.0,7498.0,1.6684821960850642,0.3693592048988338,1.5860000000000003,11.999299999999948,12.0,(CO-O/CH2-H2),addition of CO and dehydroxylation /Methylation and dehydrogenation
7153.0,7500.0,1.6847516793755828,0.371517366738341,1.927,11.99939999999998,12.0,(CO-O/CH2-H2),addition of CO and dehydroxylation /Methylation and dehydrogenation
7153.0,7649.0,1.960151017296984,0.3756929873475645,2.128,17.025699999999972,17.0265,NH3,Add. Ions (M+NH4)
7153.0,7870.0,1.866236053947334,0.4022958057792354,1.2729999999999997,26.01619999999997,26.015,(+C2H2)/ (+C2H2O-O),Acetylation and  loss of OH
7153.0,8960.0,1.500309824882713,0.3559214958476902,1.149000000000001,68.06159999999994,68.0626,(-C5H8),Deisopentenylation
7153.0,9239.0,1.9398827161921228,0.9983268865792762,0.0139999999999993,79.95800000000003,79.9568,(+SO3),sulfate conjugation
7153.0,10621.0,1.96221672070703,0.6338583939977693,0.9149999999999991,176.0306,176.0321,(+C6H8O6),Glucuronidation
7496.0,7870.0,1.7015574603661174,0.9990869177278768,3.805,14.01709999999997,14.0157,(+CH2),Methylation/Demethylation
7496.0,7953.0,1.7533357000637595,0.9999481865987484,4.445,17.02669999999995,17.0265,NH3,Add. Ions (M+NH4)
7496.0,7954.0,1.6135806111440203,0.9999481865987484,5.138999999999999,17.026999999999987,17.0265,NH3,Add. Ions (M+NH4)
7496.0,8960.0,1.7738175332700956,0.9999481865987486,1.3829999999999991,56.06249999999994,56.0626,(C4H8),loss of butyl
7496.0,9375.0,1.8212302955125927,0.9992083444845524,4.282,75.03259999999995,75.032,(C2H5NO2),loss of  glycine
7498.0,7870.0,1.738325886688639,0.9990445092995136,0.3130000000000006,14.01690000000002,14.0157,(+CH2),Methylation/Demethylation
7498.0,7953.0,1.7565855099470271,0.9998099386688456,0.3269999999999999,17.0265,17.0265,NH3,Add. Ions (M+NH4)
7498.0,7954.0,1.6301599833153215,0.9998099386688456,1.020999999999999,17.026800000000037,17.0265,NH3,Add. Ions (M+NH4)
7498.0,8960.0,1.7559052649149367,0.9998099386688458,2.735000000000001,56.06229999999999,56.0626,(C4H8),loss of butyl
7498.0,9375.0,1.840010290585397,0.9996580672438532,0.1639999999999997,75.0324,75.032,(C2H5NO2),loss of  glycine
7500.0,7870.0,1.7439135075394572,0.9993298692125856,0.6539999999999999,14.01679999999999,14.0157,(+CH2),Methylation/Demethylation
7500.0,7953.0,1.761408574362244,0.9998596824151932,0.0139999999999993,17.026399999999967,17.0265,NH3,Add. Ions (M+NH4)
7500.0,7954.0,1.6295094384779638,0.9998596824151932,0.6799999999999997,17.026700000000005,17.0265,NH3,Add. Ions (M+NH4)
7500.0,8960.0,1.7718690960299723,0.9998596824151934,3.0760000000000005,56.06219999999996,56.0626,(C4H8),loss of butyl
7500.0,9375.0,1.832707368485212,0.9993073987169412,0.1769999999999996,75.03229999999996,75.032,(C2H5NO2),loss of  glycine
7649.0,7953.0,1.5630140415379827,0.9997740884136987,4.041,12.000099999999977,12.0,(CO-O/CH2-H2),addition of CO and dehydroxylation /Methylation and dehydrogenation
7649.0,7954.0,1.5204451337316345,0.9997740884136992,4.734999999999999,12.000400000000012,12.0,(CO-O/CH2-H2),addition of CO and dehydroxylation /Methylation and dehydrogenation
7649.0,9079.0,1.759939500813235,0.4010454928702198,5.254999999999999,55.99040000000002,55.9898,(-CO-CO),loss/addition of di-CO
7649.0,9553.0,1.8682822794106173,0.3048156479036963,2.148999999999999,79.95590000000004,79.9568,(+SO3),sulfate conjugation
7649.0,9629.0,1.5302796896280992,0.9997357931526638,4.355,84.02250000000004,84.0212,(+C2H2O+C2H2O),di-Acetylation
7649.0,10754.0,1.9404947756460031,-0.2662174269328149,3.28,176.03449999999998,176.0321,(+C6H8O6),Glucuronidation
7649.0,10756.0,1.9430010413918857,-0.3178960589276632,2.7970000000000006,176.0349,176.0321,(+C6H8O6),Glucuronidation
7865.0,7917.0,1.750095429646495,0.9553365291116852,0.402000000000001,2.0143000000000484,2.0157,(H2),dehydrogenation/hydrogenation
7865.0,7918.0,1.7611850516342282,0.8489569836349852,0.7059999999999995,2.014499999999998,2.0157,(H2),dehydrogenation/hydrogenation
7865.0,8281.0,1.6612692498805526,0.9136554527511832,0.1670000000000016,15.993600000000017,15.9949,(O),oxidation/hydroxylation
7865.0,8282.0,1.6758976800964551,0.9227191695167,2.222999999999999,15.99369999999999,15.9949,(O),oxidation/hydroxylation
7865.0,8283.0,1.6649754904557137,0.9147397205642128,1.3039999999999985,15.993800000000078,15.9949,(O),oxidation/hydroxylation
7865.0,8285.0,1.677184484900624,0.9048453977099452,2.709999999999999,15.993800000000078,15.9949,(O),oxidation/hydroxylation
7865.0,8286.0,1.6623145106906168,0.9714958857412532,1.003,15.993800000000078,15.9949,(O),oxidation/hydroxylation
7865.0,8287.0,1.6538650601507774,0.8981955936274254,3.9229999999999983,15.993900000000052,15.9949,(O),oxidation/hydroxylation
7865.0,8288.0,1.6665473404357989,0.8775185976382802,4.222,15.994000000000028,15.9949,(O),oxidation/hydroxylation
7865.0,8659.0,1.7413447582283628,0.9311478046253836,0.8590000000000018,30.009599999999978,30.0106,(+O+CH2),Hydroxylation+methylation/Demethoxylation
7865.0,8661.0,1.7553791987946883,0.8665301084331513,0.5620000000000012,30.00999999999999,30.0106,(+O+CH2),Hydroxylation+methylation/Demethoxylation
7865.0,8996.0,1.7517325224295544,0.8769359868221407,1.4750000000000014,44.02610000000004,44.0263,(+H2+ C2H2O),Acetylation and hydrogenation
7865.0,8998.0,1.6730297169228656,0.8939794810299165,1.3210000000000015,44.02620000000002,44.0263,(+H2+ C2H2O),Acetylation and hydrogenation
7870.0,8960.0,1.5508780613067137,0.998625444521682,2.4220000000000006,42.04539999999997,42.047,(3*CH2),loss of propylgroup
7917.0,8281.0,1.8190629489853416,0.7527429992975131,0.2349999999999994,13.979299999999968,13.9793,(H2+O),dehydrogenation and gain  of oxygen
7917.0,8282.0,1.850362877287118,0.767592931053719,2.625,13.97939999999994,13.9793,(H2+O),dehydrogenation and gain  of oxygen
7917.0,8283.0,1.8426140406431992,0.754483354578454,1.7059999999999995,13.97950000000003,13.9793,(H2+O),dehydrogenation and gain  of oxygen
7917.0,8285.0,1.8605429852453523,0.738623440167921,3.112,13.97950000000003,13.9793,(H2+O),dehydrogenation and gain  of oxygen
7917.0,8286.0,1.8349835647365835,0.8580591350881093,1.4050000000000011,13.97950000000003,13.9793,(H2+O),dehydrogenation and gain  of oxygen
7917.0,8287.0,1.8040765102238847,0.7284462620720074,4.324999999999999,13.979600000000003,13.9793,(H2+O),dehydrogenation and gain  of oxygen
7917.0,8288.0,1.8285835119678,0.696611601173791,4.6240000000000006,13.97969999999998,13.9793,(H2+O),dehydrogenation and gain  of oxygen
7917.0,8659.0,1.7977488154683965,0.7818117683435944,0.4570000000000007,27.99529999999993,27.9949,(+CO)/(+OCH2-H2),loss/addition of CO
7917.0,8661.0,1.82077942318793,0.6803269465762908,0.1600000000000001,27.995699999999943,27.9949,(+CO)/(+OCH2-H2),loss/addition of CO
7917.0,8996.0,1.837979168495248,0.6957405569507956,1.0730000000000004,42.0118,42.0106,(+C2H2O),Acetylation/Deacetylation
7917.0,8998.0,1.6701777631622896,0.7216269002278634,0.9190000000000004,42.01189999999997,42.0106,(+C2H2O),Acetylation/Deacetylation
7918.0,8281.0,1.8281616243340104,0.5609003234591567,0.5389999999999979,13.979100000000017,13.9793,(H2+O),dehydrogenation and gain  of oxygen
7918.0,8282.0,1.860002679949656,0.5796980791935897,2.9289999999999985,13.979199999999992,13.9793,(H2+O),dehydrogenation and gain  of oxygen
7918.0,8283.0,1.850616135787896,0.5631000946757739,2.009999999999998,13.97930000000008,13.9793,(H2+O),dehydrogenation and gain  of oxygen
7918.0,8285.0,1.8683804127306165,0.5433299311904926,3.4159999999999986,13.97930000000008,13.9793,(H2+O),dehydrogenation and gain  of oxygen
7918.0,8286.0,1.843699607666476,0.699499095396348,1.7089999999999996,13.97930000000008,13.9793,(H2+O),dehydrogenation and gain  of oxygen
7918.0,8287.0,1.8127167596613805,0.5311795897110981,4.628999999999998,13.979400000000055,13.9793,(H2+O),dehydrogenation and gain  of oxygen
7918.0,8288.0,1.8374350674277888,0.4916226324679484,4.927999999999999,13.97950000000003,13.9793,(H2+O),dehydrogenation and gain  of oxygen
7918.0,8659.0,1.80640396000018,0.5978410534941813,0.1530000000000022,27.99509999999998,27.9949,(+CO)/(+OCH2-H2),loss/addition of CO
7918.0,8661.0,1.8277833298416184,0.4719487526640873,0.1439999999999983,27.995499999999996,27.9949,(+CO)/(+OCH2-H2),loss/addition of CO
7918.0,8996.0,1.846775766894182,0.4906028462843942,0.7690000000000019,42.01160000000005,42.0106,(+C2H2O),Acetylation/Deacetylation
7918.0,8998.0,1.682192375853155,0.5222039488140379,0.615000000000002,42.01170000000002,42.0106,(+C2H2O),Acetylation/Deacetylation
7953.0,8312.0,1.7310184625071772,0.9999964171396286,0.2580000000000009,14.018000000000027,14.0157,(+CH2),Methylation/Demethylation
7953.0,8687.0,1.717601743766303,0.9735357436226484,0.4580000000000002,28.032699999999977,28.0313,(+C2H4),loss/addition of C2H4
7953.0,9080.0,1.7230356260983457,0.999998644284952,0.0540000000000002,44.02750000000003,44.0263,(+H2+ C2H2O),Acetylation and hydrogenation
7953.0,9375.0,1.6813458301475457,0.998969729642898,0.1630000000000002,58.0059,58.0055,(+CH2+CO2),Methylation+Carboxylation
7953.0,9628.0,1.737359522324855,0.9993466090239598,0.3529999999999997,72.02190000000007,72.0211,(-C2H4-CO2),(-C2H4-CO2)
7953.0,9814.0,1.513495285664539,0.9994798348591049,0.1769999999999996,84.02060000000006,84.0212,(+C2H2O+C2H2O),di-Acetylation
7953.0,9973.0,1.5763328206120186,0.9907797162151152,0.6529999999999987,93.9719,93.9725,(+CH2+SO3),Methylation+sulfatation
7953.0,10095.0,1.69170472673704,0.9999994734677776,0.8030000000000008,100.05330000000004,100.0524,(-C5H8O2),Loss of hydrogenatedc angelica ester group
7954.0,8312.0,1.9279065876093964,0.9999964171396292,0.952,14.01769999999999,14.0157,(+CH2),Methylation/Demethylation
7954.0,8687.0,1.5928660529772634,0.9735357436226484,1.1519999999999992,28.03239999999994,28.0313,(+C2H4),loss/addition of C2H4
7954.0,9080.0,1.6185491933679623,0.999998644284952,0.7479999999999993,44.02719999999999,44.0263,(+H2+ C2H2O),Acetylation and hydrogenation
7954.0,9375.0,1.5263802188397566,0.998969729642898,0.8569999999999993,58.00559999999996,58.0055,(+CH2+CO2),Methylation+Carboxylation
7954.0,9628.0,1.5928630632218757,0.99934660902396,1.0469999999999988,72.02160000000003,72.0211,(-C2H4-CO2),(-C2H4-CO2)
7954.0,9814.0,1.8363584292833688,0.9994798348591049,0.5169999999999995,84.02030000000002,84.0212,(+C2H2O+C2H2O),di-Acetylation
7954.0,9973.0,1.6913081918562851,0.9907797162151156,0.0410000000000003,93.97159999999997,93.9725,(+CH2+SO3),Methylation+sulfatation
7954.0,10095.0,1.537658903550641,0.9999994734677776,1.497,100.053,100.0524,(-C5H8O2),Loss of hydrogenatedc angelica ester group
8197.0,8665.0,1.986752714305777,0.9999239089802308,0.0059999999999966,18.01120000000003,18.0106,(+H2O),Hydrolyzation/loss of H2O
8197.0,8666.0,1.870440886446877,0.9996448157831492,0.2709999999999972,18.01120000000003,18.0106,(+H2O),Hydrolyzation/loss of H2O
8198.0,8665.0,1.9874819858621149,0.9993478706106445,0.2010000000000005,18.011099999999942,18.0106,(+H2O),Hydrolyzation/loss of H2O
8198.0,8666.0,1.875983231692456,0.9995380672158184,0.064,18.011099999999942,18.0106,(+H2O),Hydrolyzation/loss of H2O
8199.0,8665.0,1.9849396242876696,0.9993297255216872,0.2650000000000005,18.008500000000026,18.0106,(+H2O),Hydrolyzation/loss of H2O
8199.0,8666.0,1.8733093909570564,0.99950694223267,0.0,18.008500000000026,18.0106,(+H2O),Hydrolyzation/loss of H2O
8281.0,8659.0,1.9366121449638856,0.998969027121184,0.6920000000000002,14.015999999999964,14.0157,(+CH2),Methylation/Demethylation
8281.0,8661.0,1.953209484830281,0.9945682702748486,0.3949999999999996,14.016399999999976,14.0157,(+CH2),Methylation/Demethylation
8281.0,8996.0,1.9980011554350072,0.9965400695071126,1.3079999999999998,28.032500000000027,28.0313,(+C2H4),loss/addition of C2H4
8281.0,8997.0,1.8324525872089887,0.9996613381171406,0.911999999999999,28.032500000000027,28.0313,(+C2H4),loss/addition of C2H4
8281.0,8998.0,1.973652049232561,0.9989131166515284,1.154,28.0326,28.0313,(+C2H4),loss/addition of C2H4
8282.0,8659.0,1.937702251150381,0.9997385544643004,3.0820000000000007,14.015899999999988,14.0157,(+CH2),Methylation/Demethylation
8282.0,8661.0,1.9536901684912653,0.9919624653404768,2.785,14.0163,14.0157,(+CH2),Methylation/Demethylation
8282.0,8996.0,1.994899633246624,0.9944236988471884,3.698,28.03240000000005,28.0313,(+C2H4),loss/addition of C2H4
8282.0,8997.0,1.7994724435529963,0.9988527389846378,3.302,28.03240000000005,28.0313,(+C2H4),loss/addition of C2H4
8282.0,8998.0,1.9570820635079809,0.9976249246085508,3.5440000000000005,28.032500000000027,28.0313,(+C2H4),loss/addition of C2H4
8283.0,8659.0,1.9382989460159208,0.9990833386675052,2.1630000000000003,14.0157999999999,14.0157,(+CH2),Methylation/Demethylation
8283.0,8661.0,1.955686329841324,0.9943160539754502,1.866,14.016199999999913,14.0157,(+CH2),Methylation/Demethylation
8283.0,8996.0,1.9966623158921943,0.9963472772885884,2.779,28.032299999999964,28.0313,(+C2H4),loss/addition of C2H4
8283.0,8997.0,1.808614815566592,0.9996155954833492,2.382999999999999,28.032299999999964,28.0313,(+C2H4),loss/addition of C2H4
8283.0,8998.0,1.9631010757338423,0.9988123042883704,2.625,28.03239999999994,28.0313,(+C2H4),loss/addition of C2H4
8285.0,8659.0,1.9429245953733976,0.9977518246043372,3.569000000000001,14.0157999999999,14.0157,(+CH2),Methylation/Demethylation
8285.0,8661.0,1.9607495940862885,0.99655647310818,3.272,14.016199999999913,14.0157,(+CH2),Methylation/Demethylation
8285.0,8996.0,1.9981878950324223,0.998100150605034,4.1850000000000005,28.032299999999964,28.0313,(+C2H4),loss/addition of C2H4
8285.0,8997.0,1.7907327507784627,0.999977284713758,3.789,28.032299999999964,28.0313,(+C2H4),loss/addition of C2H4
8285.0,8998.0,1.9533669393472253,0.99967504667991,4.031000000000001,28.03239999999994,28.0313,(+C2H4),loss/addition of C2H4
8286.0,8659.0,1.9411850270432256,0.9910465095745902,1.8620000000000017,14.0157999999999,14.0157,(+CH2),Methylation/Demethylation
8286.0,8661.0,1.9584828768216649,0.9601401296958788,1.5650000000000013,14.016199999999913,14.0157,(+CH2),Methylation/Demethylation
8286.0,8996.0,1.996725676983818,0.9658519524439606,2.478000000000001,28.032299999999964,28.0313,(+C2H4),loss/addition of C2H4
8286.0,8997.0,1.8168660283145472,0.9791980592104385,2.0820000000000007,28.032299999999964,28.0313,(+C2H4),loss/addition of C2H4
8286.0,8998.0,1.9650677913249333,0.9747146023986826,2.3240000000000016,28.03239999999994,28.0313,(+C2H4),loss/addition of C2H4
8287.0,8659.0,1.9415365142109744,0.9961892733315209,4.782,14.015699999999924,14.0157,(+CH2),Methylation/Demethylation
8287.0,8661.0,1.9587350370281285,0.997222264584941,4.484999999999999,14.016099999999938,14.0157,(+CH2),Methylation/Demethylation
8287.0,8996.0,1.996971329328568,0.9985238639670406,5.398,28.03219999999999,28.0313,(+C2H4),loss/addition of C2H4
8287.0,8997.0,1.8469576105218248,0.9994948061854588,5.001999999999999,28.03219999999999,28.0313,(+C2H4),loss/addition of C2H4
8287.0,8998.0,1.9785205040399847,0.9994983803066284,5.244,28.032299999999964,28.0313,(+C2H4),loss/addition of C2H4
8288.0,8659.0,1.9407743480064543,0.9919464194850388,5.081000000000001,14.01559999999995,14.0157,(+CH2),Methylation/Demethylation
8288.0,8661.0,1.9560904727887447,0.9997478941918296,4.784000000000001,14.015999999999964,14.0157,(+CH2),Methylation/Demethylation
8288.0,8996.0,1.998589742214075,0.9999955501733688,5.697000000000001,28.03210000000001,28.0313,(+C2H4),loss/addition of C2H4
8288.0,8997.0,1.825729536504252,0.998403272596762,5.301,28.03210000000001,28.0313,(+C2H4),loss/addition of C2H4
8288.0,8998.0,1.9698322548634093,0.9993704461617798,5.543000000000001,28.03219999999999,28.0313,(+C2H4),loss/addition of C2H4
8312.0,8687.0,1.984820948434825,0.9741326758693336,0.1999999999999993,14.014699999999948,14.0157,(+CH2),Methylation/Demethylation
8312.0,9080.0,1.9908114232791552,0.9999993875844082,0.2040000000000006,30.009500000000003,30.0106,(+O+CH2),Hydroxylation+methylation/Demethoxylation
8312.0,9375.0,1.8574956410242964,0.999032039420724,0.0950000000000006,43.98789999999997,43.9898,(-CO2),Decarboxylation/Carboxylation
8312.0,9377.0,1.9506553512491285,0.999996417139629,0.1500000000000003,44.02629999999999,44.0263,(+H2+ C2H2O),Acetylation and hydrogenation
8312.0,9628.0,1.980179165336924,0.9993167775335232,0.0949999999999988,58.00390000000005,58.0055,(+CH2+CO2),Methylation+Carboxylation
8312.0,9814.0,1.5434115090920053,0.999560982875934,0.4350000000000005,70.00260000000003,70.0055,(-CO-C2H2O),Acetylation and addition of CO
8312.0,9852.0,1.949582516440364,0.9999964171396284,0.2590000000000003,72.01930000000004,72.0211,(-C2H4-CO2),(-C2H4-CO2)
8312.0,9853.0,1.579352200942116,0.9999964171396292,0.3399999999999998,72.01969999999994,72.0211,(-C2H4-CO2),(-C2H4-CO2)
8312.0,9973.0,1.6053995240023435,0.9911321145570452,0.9109999999999996,79.95389999999998,79.9568,(+SO3),sulfate conjugation
8312.0,10043.0,1.8752001563233511,0.99937868972434,0.5329999999999995,84.02149999999995,84.0212,(+C2H2O+C2H2O),di-Acetylation
8312.0,10189.0,1.9893133634609743,0.9993841400550678,0.0819999999999989,93.97249999999995,93.9725,(+CH2+SO3),Methylation+sulfatation
8312.0,10288.0,1.988054366711061,0.9999149007258832,1.5679999999999996,100.05060000000005,100.0524,(-C5H8O2),Loss of hydrogenatedc angelica ester group
8312.0,10289.0,1.984674976862288,0.9996366224835987,1.3089999999999993,100.0507,100.0524,(-C5H8O2),Loss of hydrogenatedc angelica ester group
8632.0,8974.0,1.9262011177932152,0.9995825832200947,0.9090000000000008,14.013699999999972,14.0157,(+CH2),Methylation/Demethylation
8632.0,9296.0,1.7290299329303616,0.999754316339867,1.4320000000000004,28.029,28.0313,(+C2H4),loss/addition of C2H4
8632.0,9815.0,1.694885199771625,0.9605966214969556,0.5170000000000012,58.00609999999995,58.0055,(+CH2+CO2),Methylation+Carboxylation
8659.0,8996.0,1.9434018321213145,0.9917823221075084,0.6159999999999997,14.016500000000065,14.0157,(+CH2),Methylation/Demethylation
8659.0,8997.0,1.7755904993682117,0.9975126177480984,0.2199999999999988,14.016500000000065,14.0157,(+CH2),Methylation/Demethylation
8659.0,8998.0,1.9049652962486328,0.9958126579585264,0.4619999999999997,14.01660000000004,14.0157,(+CH2),Methylation/Demethylation
8661.0,8996.0,1.95913601099772,0.9997706719231856,0.9130000000000004,14.016100000000051,14.0157,(+CH2),Methylation/Demethylation
8661.0,8997.0,1.7783005900206117,0.996883228409685,0.5169999999999995,14.016100000000051,14.0157,(+CH2),Methylation/Demethylation
8661.0,8998.0,1.9173031862139216,0.998321895729796,0.7590000000000003,14.016200000000026,14.0157,(+CH2),Methylation/Demethylation
8687.0,9080.0,1.9841277841086464,0.9739107386773304,0.4039999999999999,15.994800000000057,15.9949,(O),oxidation/hydroxylation
8687.0,9375.0,1.8582006451796893,0.9790517379529984,0.2949999999999999,29.97320000000002,29.9742,(+O2-H2),deoxidation and hydrogenation
8687.0,9377.0,1.945996415529631,0.9735357436226484,0.0499999999999989,30.011600000000044,30.0106,(+O+CH2),Hydroxylation+methylation/Demethoxylation
8687.0,9628.0,1.9728695559280032,0.971409444048666,0.1050000000000004,43.989200000000096,43.9898,(-CO2),Decarboxylation/Carboxylation
8687.0,9814.0,1.531567320407111,0.9803995817560583,0.6349999999999998,55.98790000000008,55.9898,(-CO-CO),loss/addition of di-CO
8687.0,9852.0,1.945892936469749,0.973535743622648,0.059000000000001,58.004600000000096,58.0055,(+CH2+CO2),Methylation+Carboxylation
8687.0,9853.0,1.5848190333513708,0.9735357436226484,0.5399999999999991,58.005,58.0055,(+CH2+CO2),Methylation+Carboxylation
8687.0,10043.0,1.8728325779484831,0.9737110223772356,0.3330000000000002,70.0068,70.0055,(-CO-C2H2O),Acetylation and addition of CO
8687.0,10095.0,1.940346148033098,0.9734331994004636,0.3450000000000006,72.02060000000006,72.0211,(-C2H4-CO2),(-C2H4-CO2)
8687.0,10189.0,1.9839903450251803,0.9814605167796762,0.1180000000000003,79.95780000000002,79.9568,(+SO3),sulfate conjugation
8700.0,9194.0,1.6996858228463334,0.9999965540460644,1.064,20.028400000000037,20.0263,(+H2+ H2O),Dehydrogenation and Hydrolyzation
8700.0,9258.0,1.9842237199861568,0.9956448088203096,0.0519999999999996,24.001700000000028,24.0,(C2H2O-H2O),Acetylation and loss of H2O
8700.0,9303.0,1.9878601252797865,0.9745640566374856,0.6960000000000015,26.01600000000008,26.015,(+C2H2)/ (+C2H2O-O),Acetylation and  loss of OH
8960.0,10288.0,1.7271272380424416,0.9999376827143056,1.2360000000000009,75.03280000000007,75.032,(C2H5NO2),loss of  glycine
8960.0,10289.0,1.6990006101692572,0.9996848840578716,1.495000000000001,75.03290000000004,75.032,(C2H5NO2),loss of  glycine
8974.0,9296.0,1.9293369871985684,0.9988055119766917,0.5229999999999997,14.015300000000025,14.0157,(+CH2),Methylation/Demethylation
8974.0,9815.0,1.8665329509955173,0.9663914162212676,0.3919999999999994,43.992399999999975,43.9898,(-CO2),Decarboxylation/Carboxylation
8976.0,9297.0,1.8414891384405048,0.9999921732474126,0.9669999999999987,14.01509999999996,14.0157,(+CH2),Methylation/Demethylation
8976.0,9814.0,1.526740026805891,0.9994798348591052,0.2580000000000009,43.98910000000001,43.9898,(-CO2),Decarboxylation/Carboxylation
8976.0,9853.0,1.5242378281535474,1.0,0.1630000000000002,46.00619999999992,46.0055,(O+OCH2),Hydrogenation and Methylation
9080.0,9375.0,1.860735708496036,0.9990153460914696,0.1089999999999999,13.978399999999963,13.9793,(H2+O),dehydrogenation and gain  of oxygen
9080.0,9377.0,1.950194300283382,0.9999986442849522,0.354000000000001,14.01679999999999,14.0157,(+CH2),Methylation/Demethylation
9080.0,9628.0,1.9769212690735336,0.9993345169883004,0.2989999999999995,27.99440000000004,27.9949,(+CO)/(+OCH2-H2),loss/addition of CO
9080.0,9814.0,1.5335383361871366,0.999531583966681,0.2309999999999998,39.99310000000003,39.9949,(+C2H2O-H2),Acetylation and dehydrogenation
9080.0,9852.0,1.9566273113584125,0.999998644284952,0.4630000000000009,42.00980000000004,42.0106,(+C2H2O),Acetylation/Deacetylation
9080.0,9853.0,1.5811712042550092,0.999998644284952,0.1359999999999992,42.01019999999994,42.0106,(+C2H2O),Acetylation/Deacetylation
9080.0,10095.0,1.9426184129642965,0.999997382594046,0.7490000000000006,56.0258,56.0263,(+CH2+C2H2O),propionylation
9080.0,10288.0,1.9851133872409308,0.999926897853819,1.7720000000000002,70.04110000000003,70.0419,(+C4H6O),butyrylation
9080.0,10289.0,1.9823854027042216,0.9996615855020186,1.513,70.0412,70.0419,(+C4H6O),butyrylation
9080.0,10355.0,1.9650497213740563,0.999999875220382,1.745000000000001,76.0317,76.0313,(+C6H5-H),loss/addition of phenyl
9103.0,9401.0,1.9691398244293965,0.97478488564621,0.1030000000000015,14.016800000000105,14.0157,(+CH2),Methylation/Demethylation
9103.0,9402.0,1.9654178549092576,0.9747848856462096,0.4030000000000022,14.016900000000078,14.0157,(+CH2),Methylation/Demethylation
9103.0,9646.0,1.915689096963526,0.97478488564621,0.4149999999999991,28.030900000000088,28.0313,(+C2H4),loss/addition of C2H4
9103.0,9647.0,1.93262654144456,0.9757441707414334,0.1030000000000015,28.031000000000063,28.0313,(+C2H4),loss/addition of C2H4
9103.0,9648.0,1.9343471017698872,0.97484401780363,0.6670000000000016,28.03150000000005,28.0313,(+C2H4),loss/addition of C2H4
9103.0,11051.0,1.834845449196811,0.9761276108694656,0.0109999999999992,162.05290000000002,162.0528,(C6H10O5),loss/addition of Hexose/Deglucosylation
9239.0,9553.0,1.8901508147802124,0.999812762930228,0.0069999999999996,17.023599999999988,17.0265,NH3,Add. Ions (M+NH4)
9258.0,9303.0,1.875465218066956,0.9912077452465226,0.6440000000000019,2.0143000000000484,2.0157,(H2),dehydrogenation/hydrogenation
9296.0,9815.0,1.8786310293058488,0.9586014013814091,0.9149999999999991,29.97709999999995,29.9742,(+O2-H2),deoxidation and hydrogenation
9297.0,9554.0,1.98448131033016,0.9999882155268954,0.4370000000000011,14.018400000000042,14.0157,(+CH2),Methylation/Demethylation
9297.0,9852.0,1.5860849222038254,0.9999921732474126,0.5309999999999988,31.99070000000006,31.9898,(+2O),Dihydroxylation
9297.0,10043.0,1.7050497935138684,0.9994384551243208,0.2569999999999997,43.99289999999996,43.9898,(-CO2),Decarboxylation/Carboxylation
9297.0,10465.0,1.5444139989779653,0.9879654100537903,1.741999999999999,75.03359999999998,75.032,(C2H5NO2),loss of  glycine
9375.0,9628.0,1.84909811768077,0.9993857902807252,0.1899999999999995,14.016000000000076,14.0157,(+CH2),Methylation/Demethylation
9375.0,9852.0,1.829873401768044,0.9989697296428982,0.354000000000001,28.03140000000008,28.0313,(+C2H4),loss/addition of C2H4
9375.0,10095.0,1.804181620756644,0.9989882315197336,0.6400000000000006,42.04740000000004,42.047,(3*CH2),loss of propylgroup
9375.0,10288.0,1.8636459862848376,0.9990436816479956,1.6630000000000005,56.06270000000006,56.0626,(C4H8),loss of butyl
9375.0,10289.0,1.860252261385312,0.9989090394922168,1.404,56.06280000000004,56.0626,(C4H8),loss of butyl
9377.0,9628.0,1.9388261035672163,0.99934660902396,0.0550000000000014,13.977600000000052,13.9793,(H2+O),dehydrogenation and gain  of oxygen
9377.0,9629.0,1.5094886647040804,0.9999912838711632,0.7220000000000013,13.97810000000004,13.9793,(H2+O),dehydrogenation and gain  of oxygen
9377.0,9814.0,1.545440817944522,0.9994798348591052,0.5850000000000009,25.97630000000004,25.9792,(+CO-H2),addition of CO and dehydrogenation
9377.0,9852.0,1.9294482857596,1.0,0.1089999999999999,27.99300000000005,27.9949,(+CO)/(+OCH2-H2),loss/addition of CO
9377.0,9853.0,1.611745796765006,1.0,0.4900000000000002,27.99339999999995,27.9949,(+CO)/(+OCH2-H2),loss/addition of CO
9377.0,10043.0,1.8628240730810173,0.999383133357554,0.3829999999999991,39.995199999999954,39.9949,(+C2H2O-H2),Acetylation and dehydrogenation
9377.0,10095.0,1.922731934989325,0.999999473467778,0.3949999999999996,42.009000000000015,42.0106,(+C2H2O),Acetylation/Deacetylation
9377.0,10288.0,1.947342644299632,0.9999376827143056,1.4179999999999993,56.02430000000004,56.0263,(+CH2+C2H2O),propionylation
9377.0,10289.0,1.9422320958129893,0.9996848840578716,1.158999999999999,56.024400000000014,56.0263,(+CH2+C2H2O),propionylation
9377.0,10590.0,1.6317638591862136,0.9998449675529824,2.3279999999999994,84.05719999999997,84.0575,(-C5H8O),Deisopentenyloxy
9401.0,9646.0,1.927503540984937,1.0,0.3119999999999976,14.014099999999983,14.0157,(+CH2),Methylation/Demethylation
9401.0,9647.0,1.9563055568242824,0.9999897155726456,0.0,14.01419999999996,14.0157,(+CH2),Methylation/Demethylation
9401.0,9648.0,1.9327767260045168,0.999999961677987,0.5640000000000001,14.014699999999948,14.0157,(+CH2),Methylation/Demethylation
9402.0,9646.0,1.917169342950498,0.9999999999999996,0.0119999999999969,14.01400000000001,14.0157,(+CH2),Methylation/Demethylation
9402.0,9647.0,1.9407018942883747,0.9999897155726454,0.3000000000000007,14.014099999999983,14.0157,(+CH2),Methylation/Demethylation
9402.0,9648.0,1.922220278125155,0.9999999616779868,0.2639999999999993,14.014599999999971,14.0157,(+CH2),Methylation/Demethylation
9506.0,9571.0,1.9292408845134617,0.9997257793744716,0.7029999999999994,3.992900000000077,3.9949,(H2O-CH2),Hydrolyzation and Demethylation
9513.0,9580.0,1.566008959399372,0.9999998433937914,0.6400000000000006,4.031900000000064,4.0313,(-2H2),Dihydrogenation
9554.0,10043.0,1.6410080916865186,0.9993580862260858,0.6940000000000008,29.97449999999992,29.9742,(+O2-H2),deoxidation and hydrogenation
9580.0,9875.0,1.9759104913911223,0.9999998433937912,0.0,17.027999999999906,17.0265,NH3,Add. Ions (M+NH4)
9628.0,9814.0,1.524177051076253,0.998616492418309,0.5299999999999994,11.998699999999983,12.0,(CO-O/CH2-H2),addition of CO and dehydroxylation /Methylation and dehydrogenation
9628.0,9852.0,1.9383347701726423,0.99934660902396,0.1640000000000014,14.0154,14.0157,(+CH2),Methylation/Demethylation
9628.0,9853.0,1.567033796817821,0.99934660902396,0.4349999999999987,14.0157999999999,14.0157,(+CH2),Methylation/Demethylation
9628.0,10043.0,1.8606054108975187,0.999948896636243,0.4380000000000006,26.017599999999906,26.015,(+C2H2)/ (+C2H2O-O),Acetylation and  loss of OH
9628.0,10095.0,1.938227040302576,0.9993809864671752,0.450000000000001,28.03139999999996,28.0313,(+C2H4),loss/addition of C2H4
9628.0,10288.0,1.97060421273186,0.9996233835371828,1.4730000000000008,42.04669999999999,42.047,(3*CH2),loss of propylgroup
9628.0,10289.0,1.9712814298371844,0.99975740029278,1.2140000000000004,42.04679999999996,42.047,(3*CH2),loss of propylgroup
9629.0,9852.0,1.5252044587812474,0.9999912838711632,0.8310000000000013,14.014900000000011,14.0157,(+CH2),Methylation/Demethylation
9629.0,9853.0,1.7401482872571514,0.9999912838711632,0.2320000000000011,14.015299999999913,14.0157,(+CH2),Methylation/Demethylation
9629.0,10091.0,1.6279612702487118,0.2515132522316605,0.1419999999999994,27.994299999999956,27.9949,(+CO)/(+OCH2-H2),loss/addition of CO
9629.0,10092.0,1.6118528845655404,0.1688299943279765,0.3109999999999999,27.994399999999928,27.9949,(+CO)/(+OCH2-H2),loss/addition of CO
9629.0,10095.0,1.5137465253864903,0.9999949211246084,1.1170000000000009,28.03089999999997,28.0313,(+C2H4),loss/addition of C2H4
9629.0,10152.0,1.581284528582506,0.9999912838711632,0.9079999999999996,32.02649999999994,32.0263,(+H2+ OCH2)/(-CH2-H2O),hydrogenation and Methylation
9814.0,9852.0,1.52115353404764,0.9994798348591049,0.6940000000000008,2.0167000000000144,2.0157,(H2),dehydrogenation/hydrogenation
9814.0,9853.0,1.6428661988880175,0.999479834859105,0.0950000000000006,2.017099999999914,2.0157,(H2),dehydrogenation/hydrogenation
9814.0,10043.0,1.8342588186375304,0.9989727699063932,0.968,14.018899999999917,14.0157,(+CH2),Methylation/Demethylation
9814.0,10288.0,1.5412612723381458,0.9992328757559876,2.003,30.048,30.047,(+H2+C2H4),hydrogenation and addition of C2H4
9814.0,10289.0,1.5157811406283728,0.998735117491494,1.7439999999999998,30.048099999999977,30.047,(+H2+C2H4),hydrogenation and addition of C2H4
9852.0,10043.0,1.922748438797012,0.999383133357554,0.2739999999999991,12.002199999999904,12.0,(CO-O/CH2-H2),addition of CO and dehydroxylation /Methylation and dehydrogenation
9852.0,10095.0,1.923136299431134,0.9999994734677776,0.2859999999999996,14.015999999999964,14.0157,(+CH2),Methylation/Demethylation
9852.0,10288.0,1.9470642645036864,0.9999376827143054,1.3089999999999993,28.031299999999987,28.0313,(+C2H4),loss/addition of C2H4
9852.0,10289.0,1.9415960468600404,0.9996848840578716,1.049999999999999,28.03139999999996,28.0313,(+C2H4),loss/addition of C2H4
9852.0,10590.0,1.5816406781799288,0.9998449675529824,2.2189999999999994,56.06419999999992,56.0626,(C4H8),loss of butyl
9853.0,10091.0,1.5157421882676818,0.2528639760560937,0.3740000000000005,13.979000000000042,13.9793,(H2+O),dehydrogenation and gain  of oxygen
9853.0,10095.0,1.652885298792615,0.9999994734677782,0.8849999999999998,14.015600000000063,14.0157,(+CH2),Methylation/Demethylation
9853.0,10152.0,1.5355747989350002,1.0,1.1400000000000006,18.01120000000003,18.0106,(+H2O),Hydrolyzation/loss of H2O
9853.0,10288.0,1.5670117028326285,0.9999376827143056,1.9079999999999997,28.030900000000088,28.0313,(+C2H4),loss/addition of C2H4
9853.0,10289.0,1.5560638816810302,0.9996848840578716,1.6489999999999991,28.031000000000063,28.0313,(+C2H4),loss/addition of C2H4
9853.0,10590.0,1.611245472853827,0.9998449675529828,2.818,56.063800000000015,56.0626,(C4H8),loss of butyl
9973.0,10189.0,1.7075655023912508,0.9951835817929132,0.9929999999999986,14.018599999999992,14.0157,(+CH2),Methylation/Demethylation
10022.0,10465.0,1.7043633334088004,0.0009338020664988,0.2039999999999988,31.99059999999997,31.9898,(+2O),Dihydroxylation
10042.0,10091.0,1.7231753997045822,0.8517817290579154,1.875,1.9773999999999887,1.9793,(-CH2+O),Demethylation -Hydroxylation
10042.0,10092.0,1.746143439249993,0.8045081714966095,2.0440000000000005,1.977499999999964,1.9793,(-CH2+O),Demethylation -Hydroxylation
10043.0,10095.0,1.8587052025089523,0.9994121126043404,0.0120000000000004,2.01380000000006,2.0157,(H2),dehydrogenation/hydrogenation
10043.0,10288.0,1.8725766456680413,0.9996059432191068,1.035,16.029100000000085,16.0314,(+H2+CH2),hydrogenation and Methylation
10043.0,10289.0,1.8721664435370016,0.999671400654042,0.7759999999999998,16.02920000000006,16.0314,(+H2+CH2),hydrogenation and Methylation
10091.0,10152.0,1.6004135839541764,0.2528639760560937,0.766,4.032199999999989,4.0313,(-2H2),Dihydrogenation
10092.0,10152.0,1.604666446599046,0.1702029696537201,0.5969999999999995,4.032100000000014,4.0313,(-2H2),Dihydrogenation
10095.0,10288.0,1.9388856897039155,0.9999464177205308,1.0229999999999997,14.015300000000025,14.0157,(+CH2),Methylation/Demethylation
10095.0,10289.0,1.936804691958216,0.9997040922602594,0.7639999999999993,14.0154,14.0157,(+CH2),Methylation/Demethylation
10095.0,10590.0,1.6266226809806423,0.9998365798467352,1.933,42.04819999999995,42.047,(3*CH2),loss of propylgroup
10095.0,10649.0,1.5329520549989086,0.9999994734677776,2.865,50.000099999999975,50.0004,(+H2+3O),Hydrogenation+Trihydroxylation
10095.0,10697.0,1.659346575054112,0.9999994734677776,2.014999999999999,56.060100000000034,56.0626,(C4H8),loss of butyl
10152.0,10649.0,1.577234201024334,1.0,0.8399999999999999,46.00450000000001,46.0055,(O+OCH2),Hydrogenation and Methylation
10260.0,10438.0,1.990707717811314,0.9999979233998144,0.4359999999999999,14.016199999999913,14.0157,(+CH2),Methylation/Demethylation
10260.0,10465.0,1.6277777099377837,0.9878441141808028,1.1159999999999997,15.994899999999916,15.9949,(O),oxidation/hydroxylation
10288.0,10590.0,1.596361714974686,0.9998098188578224,0.91,28.032899999999927,28.0313,(+C2H4),loss/addition of C2H4
10288.0,10697.0,1.629215917995246,0.9999376827143052,0.9919999999999992,42.04480000000001,42.047,(3*CH2),loss of propylgroup
10289.0,10590.0,1.5751657796299776,0.9996226731879508,1.1690000000000005,28.032799999999952,28.0313,(+C2H4),loss/addition of C2H4
10289.0,10697.0,1.609966262597156,0.9996848840578714,1.2509999999999994,42.044700000000034,42.047,(3*CH2),loss of propylgroup
10417.0,10590.0,1.880161960587686,0.9998449675529824,4.8370000000000015,17.029899999999998,17.0265,NH3,Add. Ions (M+NH4)
10417.0,10672.0,1.8882477344462607,0.9999999999999996,3.3430000000000017,28.033900000000017,28.0313,(+C2H4),loss/addition of C2H4
10418.0,10590.0,1.905935256582552,0.9998449675529824,0.0,17.026599999999917,17.0265,NH3,Add. Ions (M+NH4)
10418.0,10672.0,1.8939909635287373,1.0,1.4939999999999998,28.030599999999936,28.0313,(+C2H4),loss/addition of C2H4
10438.0,10465.0,1.6213515914163676,0.9879512996989523,1.5519999999999996,1.9787000000000037,1.9793,(-CH2+O),Demethylation -Hydroxylation
10590.0,10697.0,1.9223001800672288,0.9998449675529824,0.0819999999999989,14.011900000000082,14.0157,(+CH2),Methylation/Demethylation
10621.0,10754.0,1.9338172721244509,0.2813910554395081,0.2370000000000001,17.02959999999996,17.0265,NH3,Add. Ions (M+NH4)
10621.0,10756.0,1.960349294510831,0.9811644835117332,0.2459999999999986,17.029999999999973,17.0265,NH3,Add. Ions (M+NH4)
10908.0,11163.0,1.981728851546452,0.9977163690168472,0.0380000000000002,44.026700000000005,44.0263,(+H2+ C2H2O),Acetylation and hydrogenation
11373.0,11393.0,1.6277787495779803,0.9985974435395112,0.6990000000000016,2.0187000000000808,2.0157,(H2),dehydrogenation/hydrogenation
11373.0,11476.0,1.8463135461007147,0.99624308167084,0.0009999999999976,17.026200000000017,17.0265,NH3,Add. Ions (M+NH4)
11388.0,11402.0,1.6400695925383308,0.9997657322112956,0.4150000000000009,2.0149000000000115,2.0157,(H2),dehydrogenation/hydrogenation
11402.0,11564.0,1.7686677722537394,0.9996239152525216,0.1870000000000011,30.009500000000003,30.0106,(+O+CH2),Hydroxylation+methylation/Demethoxylation
