ID1,ID2,Value,Correlation,Retention Time Difference,MZ Difference,Matched MZ Difference,Matched FormulaChange,Matched Reaction Description,Redundant Data,ModCos
548,1444,1.544761349,0.999805623,0,18.0111,18.0106,(+H2O),Hydrolyzation/loss of H2O,TRUE,0.544761349
692,1364,1.746571996,-0.030738911,0.935,13.98,13.9793,(H2+O),dehydrogenation and gain  of oxygen,FALSE,0.746571996
692,1523,1.853426244,0.024582798,0.66,17.0267,17.0265,NH3,Add. Ions (M+NH4),FALSE,0.853426244
692,1595,1.752105712,0.893080923,3.332,18.0104,18.0106,(+H2O),Hydrolyzation/loss of H2O,FALSE,0.752105712
737,2021,1.974958896,0.15038131,0.143,26.0156,26.015,(+C2H2)/ (+C2H2O-O),Acetylation and  loss of OH,FALSE,0.974958896
737,2114,1.979091202,0.141504981,1.513,28.0318,28.0313,(+C2H4),loss/addition of C2H4,FALSE,0.979091202
737,3852,1.943125806,0.12637943,0.678,70.0422,70.0419,(+C4H6O),butyrylation,FALSE,0.943125806
737,6902,1.943371602,0.517638085,2.756,161.0156,161.0146,(+C5H7NO3S),N-Acetylcysteine,FALSE,0.943371602
744,1429,1.951687079,0.99999878,0.254,14.016,14.0157,(+CH2),Methylation/Demethylation,FALSE,0.951687079
746,1428,1.608727448,0.999913012,0.254,14.0159,14.0157,(+CH2),Methylation/Demethylation,FALSE,0.608727448
766,1551,1.851278319,0.998180857,2.231,15.9953,15.9949,(O),oxidation/hydroxylation,FALSE,0.851278319
766,1552,1.757747303,0.998080834,1.758,15.9953,15.9949,(O),oxidation/hydroxylation,FALSE,0.757747303
902,1777,1.992295014,-0.093947524,1.686,18.011,18.0106,(+H2O),Hydrolyzation/loss of H2O,FALSE,0.992295014
902,1778,1.995911141,0.99955815,0.88,18.0111,18.0106,(+H2O),Hydrolyzation/loss of H2O,FALSE,0.995911141
902,1779,1.993786783,0.995699846,1.019,18.0112,18.0106,(+H2O),Hydrolyzation/loss of H2O,FALSE,0.993786783
902,2424,1.994285986,0.999981075,0.757,31.9896,31.9898,(+2O),Dihydroxylation,FALSE,0.994285986
902,3464,1.916933436,0.99977935,1.381,56.0653,56.0626,(C4H8),loss of butyl,FALSE,0.916933436
941,2188,1.646481941,0.987837752,1.265,26.0152,26.015,(+C2H2)/ (+C2H2O-O),Acetylation and  loss of OH,FALSE,0.646481941
1101,2156,1.768767777,-0.243869783,2.26,22.0056,22.0055,(-CH2+2H2O),Demethylation+Dihydrolyzation,FALSE,0.768767777
1101,2160,1.87508855,0.992935709,1.008,22.0059,22.0055,(-CH2+2H2O),Demethylation+Dihydrolyzation,FALSE,0.87508855
1101,2790,1.856992804,0.999809939,0.889,36.0214,36.0212,(2*H2O),Hydrogenation+Oxydrolysis/Ester hydrolysis on furan ring,FALSE,0.856992804
1101,2791,1.890981171,0.997212606,1.703,36.0215,36.0212,(2*H2O),Hydrogenation+Oxydrolysis/Ester hydrolysis on furan ring,FALSE,0.890981171
1364,1595,1.621726292,0.4219223,4.267,4.0304,4.0313,(-2H2),Dihydrogenation,FALSE,0.621726292
1523,1595,1.738964531,0.471434712,3.992,0.9837,0.984,(-NH2+OH),oxidativedeamination,FALSE,0.738964531
1523,5028,1.654909537,0.998442648,1.192,85.0928,85.0891,(+C5NH11),loss/addition of choline,FALSE,0.654909537
1777,2424,1.998247445,-0.089524886,0.929,13.9786,13.9793,(H2+O),dehydrogenation and gain  of oxygen,FALSE,0.998247445
1778,2424,1.998118275,0.999677441,0.123,13.9785,13.9793,(H2+O),dehydrogenation and gain  of oxygen,FALSE,0.998118275
1779,2424,1.999271832,0.996102165,0.262,13.9784,13.9793,(H2+O),dehydrogenation and gain  of oxygen,FALSE,0.999271832
2021,2114,1.986235479,0.992477768,1.37,2.0162,2.0157,(H2),dehydrogenation/hydrogenation,FALSE,0.986235479
2021,3174,1.988663963,0.9987264,1.067,26.0169,26.015,(+C2H2)/ (+C2H2O-O),Acetylation and  loss of OH,FALSE,0.988663963
2021,3255,1.991641535,0.976985723,1.858,28.0311,28.0313,(+C2H4),loss/addition of C2H4,FALSE,0.991641535
2021,3256,1.990240502,0.996650857,2.073,28.0313,28.0313,(+C2H4),loss/addition of C2H4,FALSE,0.990240502
2021,3494,1.543421278,-0.221294913,3.367,34.0061,34.0055,(+O+H2O),Oxydrolysis/Hydrogenation+Dihydroxylation,FALSE,0.543421278
2021,3852,1.782233784,0.998968924,0.535,44.0266,44.0263,(+H2+ C2H2O),Acetylation and hydrogenation,FALSE,0.782233784
2021,4316,1.992427151,0.996141115,2.696,56.0641,56.0626,(C4H8),loss of butyl,FALSE,0.992427151
2114,3174,1.97393777,0.992984182,0.303,24.0007,24,(C2H2O-H2O),Acetylation and loss of H2O,FALSE,0.97393777
2114,3255,1.992409305,0.995075423,0.488,26.0149,26.015,(+C2H2)/ (+C2H2O-O),Acetylation and  loss of OH,FALSE,0.992409305
2114,3256,1.986628624,0.998329326,0.703,26.0151,26.015,(+C2H2)/ (+C2H2O-O),Acetylation and  loss of OH,FALSE,0.986628624
2114,3852,1.967394807,0.996097802,0.835,42.0104,42.0106,(+C2H2O),Acetylation/Deacetylation,FALSE,0.967394807
2114,3859,1.992002156,0.993440783,1.359,42.0461,42.047,(3*CH2),loss of propylgroup,FALSE,0.992002156
2114,4391,1.989246741,0.998938803,1.701,56.0627,56.0626,(C4H8),loss of butyl,FALSE,0.989246741
2114,4908,1.975176112,0.994706578,0.352,70.0418,70.0419,(+C4H6O),butyrylation,FALSE,0.975176112
2114,5435,1.85136086,0.992717941,2.238,85.0936,85.0891,(+C5NH11),loss/addition of choline,FALSE,0.85136086
2156,2790,1.790935599,-0.23976292,1.371,14.0158,14.0157,(+CH2),Methylation/Demethylation,FALSE,0.790935599
2156,2791,1.843713461,-0.266166863,0.557,14.0159,14.0157,(+CH2),Methylation/Demethylation,FALSE,0.843713461
2156,3461,1.589676296,-0.259739601,0.532,30.0111,30.0106,(+O+CH2),Hydroxylation+methylation/Demethoxylation,FALSE,0.589676296
2156,3464,1.714366576,-0.238744064,1.368,30.0112,30.0106,(+O+CH2),Hydroxylation+methylation/Demethoxylation,FALSE,0.714366576
2156,5918,1.736056529,-0.213520997,3.832,100.0534,100.0524,(-C5H8O2),Loss of hydrogenatedc angelica ester group,FALSE,0.736056529
2160,2790,1.935370771,0.992160204,0.119,14.0155,14.0157,(+CH2),Methylation/Demethylation,FALSE,0.935370771
2160,2791,1.939341507,0.984446385,0.695,14.0156,14.0157,(+CH2),Methylation/Demethylation,FALSE,0.939341507
2160,3461,1.627112116,0.985790859,0.72,30.0108,30.0106,(+O+CH2),Hydroxylation+methylation/Demethoxylation,FALSE,0.627112116
2160,5918,1.705834961,0.995481441,2.58,100.0531,100.0524,(-C5H8O2),Loss of hydrogenatedc angelica ester group,FALSE,0.705834961
2623,4273,1.517030247,0.181505989,0.305,42.0486,42.047,(3*CH2),loss of propylgroup,FALSE,0.517030247
2790,3461,1.631808496,0.998803284,0.839,15.9953,15.9949,(O),oxidation/hydroxylation,FALSE,0.631808496
2790,3464,1.876078017,0.999999385,0.003,15.9954,15.9949,(O),oxidation/hydroxylation,TRUE,0.876078017
2790,4062,1.67794629,0.999821019,1.157,32.0271,32.0263,(+H2+ OCH2)/(-CH2-H2O),hydrogenation and Methylation,FALSE,0.67794629
2790,5894,1.877779631,0.999756408,1.794,85.0897,85.0891,(+C5NH11),loss/addition of choline,FALSE,0.877779631
2790,6350,1.687605794,0.999503857,1.205,100.0527,100.0524,(-C5H8O2),Loss of hydrogenatedc angelica ester group,FALSE,0.687605794
2791,3461,1.586343941,0.99992157,0.025,15.9952,15.9949,(O),oxidation/hydroxylation,FALSE,0.586343941
2791,3464,1.901218755,0.998236549,0.811,15.9953,15.9949,(O),oxidation/hydroxylation,FALSE,0.901218755
2791,4062,1.662292975,0.997323581,0.343,32.027,32.0263,(+H2+ OCH2)/(-CH2-H2O),hydrogenation and Methylation,FALSE,0.662292975
2791,5894,1.907248153,0.997036472,2.608,85.0896,85.0891,(+C5NH11),loss/addition of choline,FALSE,0.907248153
2791,6350,1.697952736,0.996012053,2.019,100.0526,100.0524,(-C5H8O2),Loss of hydrogenatedc angelica ester group,FALSE,0.697952736
2885,3391,1.816783226,0.308981526,0.482,11.9998,12,(CO-O/CH2-H2),addition of CO and dehydroxylation /Methylation and dehydrogenation,FALSE,0.816783226
3174,3255,1.979883719,0.976425751,0.791,2.0142,2.0157,(H2),dehydrogenation/hydrogenation,FALSE,0.979883719
3174,3256,1.983965548,0.99803993,1.006,2.0144,2.0157,(H2),dehydrogenation/hydrogenation,FALSE,0.983965548
3174,3852,1.987153986,0.99944134,0.532,18.0097,18.0106,(+H2O),Hydrolyzation/loss of H2O,FALSE,0.987153986
3174,4230,1.979846068,0.998923951,1.167,28.0296,28.0313,(+C2H4),loss/addition of C2H4,FALSE,0.979846068
3174,4316,1.980706179,0.997448161,1.629,30.0472,30.047,(+H2+C2H4),hydrogenation and addition of C2H4,FALSE,0.980706179
3174,4541,1.568657877,0.99802393,1.928,36.0212,36.0212,(2*H2O),Hydrogenation+Oxydrolysis/Ester hydrolysis on furan ring,FALSE,0.568657877
3174,5259,1.972979141,0.986920118,1.869,56.0609,56.0626,(C4H8),loss of butyl,FALSE,0.972979141
3174,5261,1.984721587,0.999790376,2.031,56.0627,56.0626,(C4H8),loss of butyl,FALSE,0.984721587
3255,3852,1.976779261,0.982658328,1.323,15.9955,15.9949,(O),oxidation/hydroxylation,FALSE,0.976779261
3255,3859,1.992689978,0.977248366,0.871,16.0312,16.0314,(+H2+CH2),hydrogenation and Methylation,FALSE,0.992689978
3255,4230,1.982159978,0.984944435,0.376,26.0154,26.015,(+C2H2)/ (+C2H2O-O),Acetylation and  loss of OH,FALSE,0.982159978
3255,4316,1.993662099,0.989095637,0.838,28.033,28.0313,(+C2H4),loss/addition of C2H4,FALSE,0.993662099
3255,4391,1.993623456,0.997356415,1.213,30.0478,30.047,(+H2+C2H4),hydrogenation and addition of C2H4,FALSE,0.993623456
3255,4908,1.985288443,0.979644189,0.136,44.0269,44.0263,(+H2+ C2H2O),Acetylation and hydrogenation,FALSE,0.985288443
3255,5324,1.996026843,0.988114177,1.354,56.0619,56.0626,(C4H8),loss of butyl,FALSE,0.996026843
3256,3852,1.981642132,0.999262603,1.538,15.9953,15.9949,(O),oxidation/hydroxylation,FALSE,0.981642132
3256,3859,1.98779082,0.998378283,0.656,16.031,16.0314,(+H2+CH2),hydrogenation and Methylation,FALSE,0.98779082
3256,4230,1.985154338,0.999855676,0.161,26.0152,26.015,(+C2H2)/ (+C2H2O-O),Acetylation and  loss of OH,FALSE,0.985154338
3256,4316,1.993801424,0.999959204,0.623,28.0328,28.0313,(+C2H4),loss/addition of C2H4,FALSE,0.993801424
3256,4391,1.989956142,0.995573102,0.998,30.0476,30.047,(+H2+C2H4),hydrogenation and addition of C2H4,FALSE,0.989956142
3256,4541,1.509638799,0.995527469,2.934,34.0068,34.0055,(+O+H2O),Oxydrolysis/Hydrogenation+Dihydroxylation,FALSE,0.509638799
3256,4908,1.989426828,0.998968554,0.351,44.0267,44.0263,(+H2+ C2H2O),Acetylation and hydrogenation,FALSE,0.989426828
3256,5324,1.991975958,0.999984988,1.139,56.0617,56.0626,(C4H8),loss of butyl,FALSE,0.991975958
3391,4273,1.598379086,0.999920109,0.158,24.0013,24,(C2H2O-H2O),Acetylation and loss of H2O,FALSE,0.598379086
3417,4011,1.905220013,0.996219713,0,15.9949,15.9949,(O),oxidation/hydroxylation,TRUE,0.905220013
3417,5052,1.889682441,0.999774247,0.455,44.0255,44.0263,(+H2+ C2H2O),Acetylation and hydrogenation,FALSE,0.889682441
3417,5593,1.674597141,0.999147406,0.454,60.0217,60.0211,(OCH2+OCH2),di-methoxylation,FALSE,0.674597141
3461,4062,1.740455509,0.997954484,0.318,16.0318,16.0314,(+H2+CH2),hydrogenation and Methylation,FALSE,0.740455509
3461,5918,1.840056484,0.996699331,3.3,70.0423,70.0419,(+C4H6O),butyrylation,FALSE,0.840056484
3461,6350,1.736735744,0.996871048,2.044,84.0574,84.0575,(-C5H8O),Deisopentenyloxy,FALSE,0.736735744
3464,5918,1.506587927,0.999432748,2.464,70.0422,70.0419,(+C4H6O),butyrylation,FALSE,0.506587927
3817,3911,1.738181465,0.949976144,0.026,1.9793,1.9793,(-CH2+O),Demethylation -Hydroxylation,FALSE,0.738181465
3817,4394,1.712157076,0.946372614,0.764,15.0106,15.0109,(+NH),addition of NH,FALSE,0.712157076
3817,4803,1.871161669,0.945868056,0.149,25.9794,25.9792,(+CO-H2),addition of CO and dehydrogenation,FALSE,0.871161669
3817,5028,1.720976211,0.944709936,0.45,31.9902,31.9898,(+2O),Dihydroxylation,FALSE,0.720976211
3818,3911,1.770805817,0.863859038,0.263,1.9792,1.9793,(-CH2+O),Demethylation -Hydroxylation,FALSE,0.770805817
3818,4394,1.608187789,0.856443913,0.475,15.0105,15.0109,(+NH),addition of NH,FALSE,0.608187789
3818,4803,1.870653518,0.855886658,0.14,25.9793,25.9792,(+CO-H2),addition of CO and dehydrogenation,FALSE,0.870653518
3818,5028,1.766095577,0.855426068,0.161,31.9901,31.9898,(+2O),Dihydroxylation,FALSE,0.766095577
3852,3942,1.523954846,0.99913175,0.946,2.0153,2.0157,(H2),dehydrogenation/hydrogenation,FALSE,0.523954846
3852,4541,1.603959012,0.998312555,1.396,18.0115,18.0106,(+H2O),Hydrolyzation/loss of H2O,FALSE,0.603959012
3852,4908,1.994801339,0.99955693,1.187,28.0314,28.0313,(+C2H4),loss/addition of C2H4,FALSE,0.994801339
3859,4230,1.96937509,0.999200947,0.495,9.9842,9.9843,(CO-H2O),Hydrolyzation and addition of CO,FALSE,0.96937509
3859,4316,1.993955922,0.997825476,0.033,12.0018,12,(CO-O/CH2-H2),addition of CO and dehydroxylation /Methylation and dehydrogenation,FALSE,0.993955922
3859,4391,1.996553356,0.988814396,0.342,14.0166,14.0157,(+CH2),Methylation/Demethylation,FALSE,0.996553356
3859,4908,1.97646816,0.999931048,1.007,27.9957,27.9949,(+CO)/(+OCH2-H2),loss/addition of CO,FALSE,0.97646816
3859,5393,1.994267413,0.962779816,0.755,42.0481,42.047,(3*CH2),loss of propylgroup,FALSE,0.994267413
3911,4803,1.630804848,0.999871049,0.123,24.0001,24,(C2H2O-H2O),Acetylation and loss of H2O,FALSE,0.630804848
3911,5028,1.552760456,0.999833351,0.424,30.0109,30.0106,(+O+CH2),Hydroxylation+methylation/Demethoxylation,FALSE,0.552760456
3911,5894,1.601544297,0.999871049,2.914,57.0223,57.0215,(+C2H3NO),glycine conjugation,FALSE,0.601544297
3942,4541,1.831741904,0.996900923,2.342,15.9962,15.9949,(O),oxidation/hydroxylation,FALSE,0.831741904
4011,5052,1.58935817,0.994350554,0.455,28.0306,28.0313,(+C2H4),loss/addition of C2H4,FALSE,0.58935817
4011,5593,1.922902033,0.996391334,0.454,44.0268,44.0263,(+H2+ C2H2O),Acetylation and hydrogenation,FALSE,0.922902033
4062,4801,1.588707895,0.999984718,0.472,20.0266,20.0263,(+H2+ H2O),Dehydrogenation and Hydrolyzation,FALSE,0.588707895
4062,5151,1.599528354,0.998779746,0.813,30.0459,30.047,(+H2+C2H4),hydrogenation and addition of C2H4,FALSE,0.599528354
4062,6350,1.794540196,0.999584456,2.362,68.0256,68.0262,(+C4H4O),crotonylation,FALSE,0.794540196
4230,4316,1.981433893,0.999661732,0.462,2.0176,2.0157,(H2),dehydrogenation/hydrogenation,FALSE,0.981433893
4230,4391,1.97032519,0.993882261,0.837,4.0324,4.0313,(-2H2),Dihydrogenation,FALSE,0.97032519
4230,4908,1.991687591,0.999595696,0.512,18.0115,18.0106,(+H2O),Hydrolyzation/loss of H2O,FALSE,0.991687591
4230,5259,1.995788587,0.993088437,0.702,28.0313,28.0313,(+C2H4),loss/addition of C2H4,FALSE,0.995788587
4230,5261,1.986956716,0.999492296,0.864,28.0331,28.0313,(+C2H4),loss/addition of C2H4,FALSE,0.986956716
4230,5324,1.973944947,0.999793287,0.978,30.0465,30.047,(+H2+C2H4),hydrogenation and addition of C2H4,FALSE,0.973944947
4273,4801,1.756951775,0.999992167,0.049,14.0156,14.0157,(+CH2),Methylation/Demethylation,FALSE,0.756951775
4316,4391,1.997668137,0.996366474,0.375,2.0148,2.0157,(H2),dehydrogenation/hydrogenation,FALSE,0.997668137
4316,4908,1.987527671,0.998518132,0.974,15.9939,15.9949,(O),oxidation/hydroxylation,FALSE,0.987527671
4316,5259,1.969637815,0.995803249,0.24,26.0137,26.015,(+C2H2)/ (+C2H2O-O),Acetylation and  loss of OH,FALSE,0.969637815
4316,5261,1.842330971,0.998327697,0.402,26.0155,26.015,(+C2H2)/ (+C2H2O-O),Acetylation and  loss of OH,FALSE,0.842330971
4316,5324,1.998367955,0.999971977,0.516,28.0289,28.0313,(+C2H4),loss/addition of C2H4,FALSE,0.998367955
4316,5393,1.997343914,0.978456451,0.788,30.0463,30.047,(+H2+C2H4),hydrogenation and addition of C2H4,FALSE,0.997343914
4391,4908,1.979653152,0.99039739,1.349,13.9791,13.9793,(H2+O),dehydrogenation and gain  of oxygen,FALSE,0.979653152
4391,5259,1.954535176,0.999649887,0.135,23.9989,24,(C2H2O-H2O),Acetylation and loss of H2O,FALSE,0.954535176
4391,5261,1.991747094,0.98997939,0.027,24.0007,24,(C2H2O-H2O),Acetylation and loss of H2O,FALSE,0.991747094
4391,5324,1.998306991,0.995921816,0.141,26.0141,26.015,(+C2H2)/ (+C2H2O-O),Acetylation and  loss of OH,FALSE,0.998306991
4391,5393,1.998513171,0.992156945,0.413,28.0315,28.0313,(+C2H4),loss/addition of C2H4,FALSE,0.998513171
4394,5894,1.826090377,0.999998743,3.652,43.991,43.9898,(-CO2),Decarboxylation/Carboxylation,FALSE,0.826090377
4803,6350,1.827155567,0.999627498,2.448,47.9852,47.9847,(+O3),Trihydroxylation/Thiol to Sulfonic acid,FALSE,0.827155567
4914,7912,1.855017281,0.997874897,5.003,97.9777,97.9769,(+H3PO4),addition of Phosphate and H2O,FALSE,0.855017281
4914,7913,1.827767123,0.999993332,5.438,97.9801,97.9769,(+H3PO4),addition of Phosphate and H2O,FALSE,0.827767123
5028,5151,1.576361524,0.998795121,0.426,3.9947,3.9949,(H2O-CH2),Hydrolyzation and Demethylation,FALSE,0.576361524
5028,6062,1.667467189,0.870859157,0.014,32.0254,32.0263,(+H2+ OCH2)/(-CH2-H2O),hydrogenation and Methylation,FALSE,0.667467189
5052,5593,1.83149054,0.999036688,0.001,15.9962,15.9949,(O),oxidation/hydroxylation,TRUE,0.83149054
5052,6439,1.91988858,0.994880838,0.409,44.0274,44.0263,(+H2+ C2H2O),Acetylation and hydrogenation,FALSE,0.91988858
5052,6942,1.641644763,0.987339324,0.408,60.0216,60.0211,(OCH2+OCH2),di-methoxylation,FALSE,0.641644763
5259,5324,1.963563808,0.995197255,0.276,2.0152,2.0157,(H2),dehydrogenation/hydrogenation,FALSE,0.963563808
5259,5393,1.958801102,0.993152943,0.548,4.0326,4.0313,(-2H2),Dihydrogenation,FALSE,0.958801102
5259,6103,1.982680589,0.998296246,0.265,26.0163,26.015,(+C2H2)/ (+C2H2O-O),Acetylation and  loss of OH,FALSE,0.982680589
5261,5324,1.992231381,0.998663941,0.114,2.0134,2.0157,(H2),dehydrogenation/hydrogenation,FALSE,0.992231381
5261,5393,1.845191947,0.964938884,0.386,4.0308,4.0313,(-2H2),Dihydrogenation,FALSE,0.845191947
5261,6103,1.968162174,0.978476539,0.103,26.0145,26.015,(+C2H2)/ (+C2H2O-O),Acetylation and  loss of OH,FALSE,0.968162174
5324,5393,1.996807386,0.977212951,0.272,2.0174,2.0157,(H2),dehydrogenation/hydrogenation,FALSE,0.996807386
5324,5951,1.871118873,0.99995997,0.165,20.028,20.0263,(+H2+ H2O),Dehydrogenation and Hydrolyzation,FALSE,0.871118873
5324,5952,1.984835066,0.997465957,0.664,20.0283,20.0263,(+H2+ H2O),Dehydrogenation and Hydrolyzation,FALSE,0.984835066
5324,6103,1.950106916,0.987804994,0.011,24.0011,24,(C2H2O-H2O),Acetylation and loss of H2O,TRUE,0.950106916
5393,5951,1.859209293,0.976288638,0.107,18.0106,18.0106,(+H2O),Hydrolyzation/loss of H2O,FALSE,0.859209293
5393,5952,1.987550308,0.959635404,0.936,18.0109,18.0106,(+H2O),Hydrolyzation/loss of H2O,FALSE,0.987550308
5393,6103,1.950377741,0.998207447,0.283,21.9837,21.9819,Na-H,Add. Ions (M+Na),FALSE,0.950377741
5435,6350,1.507913096,0.999754634,2.448,29.9736,29.9742,(+O2-H2),deoxidation and hydrogenation,FALSE,0.507913096
5593,6439,1.702360694,0.996865752,0.41,28.0312,28.0313,(+C2H4),loss/addition of C2H4,FALSE,0.702360694
5593,6942,1.94604079,0.99277205,0.409,44.0254,44.0263,(+H2+ C2H2O),Acetylation and hydrogenation,FALSE,0.94604079
5660,6593,1.500293268,0.999995876,0.007,30.0115,30.0106,(+O+CH2),Hydroxylation+methylation/Demethoxylation,TRUE,0.500293268
5918,6350,1.889509379,0.999990484,1.256,14.0151,14.0157,(+CH2),Methylation/Demethylation,FALSE,0.889509379
6224,6726,1.842415511,-0.32356252,1.266,15.9955,15.9949,(O),oxidation/hydroxylation,FALSE,0.842415511
6224,7148,1.829145008,0.087549897,0.694,30.0107,30.0106,(+O+CH2),Hydroxylation+methylation/Demethoxylation,FALSE,0.829145008
6224,7149,1.828808907,0.984675195,0.461,30.0108,30.0106,(+O+CH2),Hydroxylation+methylation/Demethoxylation,FALSE,0.828808907
6224,7151,1.829372987,-0.296250893,2.573,30.0109,30.0106,(+O+CH2),Hydroxylation+methylation/Demethoxylation,FALSE,0.829372987
6224,7153,1.814325507,0.730059236,0.454,30.011,30.0106,(+O+CH2),Hydroxylation+methylation/Demethoxylation,FALSE,0.814325507
6439,6942,1.866305398,0.996589384,0.001,15.9942,15.9949,(O),oxidation/hydroxylation,TRUE,0.866305398
6541,6969,1.955807421,1,0.354,14.0153,14.0157,(+CH2),Methylation/Demethylation,FALSE,0.955807421
6541,6970,1.936365955,1,2.099,14.0153,14.0157,(+CH2),Methylation/Demethylation,FALSE,0.936365955
6593,6726,1.607661838,0.999759186,1.309,3.9948,3.9949,(H2O-CH2),Hydrolyzation and Demethylation,FALSE,0.607661838
6593,7148,1.703827915,-0.267956603,3.269,18.01,18.0106,(+H2O),Hydrolyzation/loss of H2O,FALSE,0.703827915
6593,7149,1.755136413,-0.345040699,3.036,18.0101,18.0106,(+H2O),Hydrolyzation/loss of H2O,FALSE,0.755136413
6593,7151,1.74705124,0.999970547,0.002,18.0102,18.0106,(+H2O),Hydrolyzation/loss of H2O,TRUE,0.74705124
6593,7153,1.732935246,0.384574957,2.121,18.0103,18.0106,(+H2O),Hydrolyzation/loss of H2O,FALSE,0.732935246
6593,7496,1.609237976,0.99978618,0.411,30.0094,30.0106,(+O+CH2),Hydroxylation+methylation/Demethoxylation,FALSE,0.609237976
6593,7498,1.575216625,0.999780724,3.707,30.0096,30.0106,(+O+CH2),Hydroxylation+methylation/Demethoxylation,FALSE,0.575216625
6593,7500,1.594686312,0.999900287,4.048,30.0097,30.0106,(+O+CH2),Hydroxylation+methylation/Demethoxylation,FALSE,0.594686312
6664,7081,1.973409639,0.999271328,0.997,14.0147,14.0157,(+CH2),Methylation/Demethylation,FALSE,0.973409639
6664,8974,1.673699014,0.998883915,3.706,85.0871,85.0891,(+C5NH11),loss/addition of choline,FALSE,0.673699014
6664,10042,1.687746043,0.723850914,3.59,143.0953,143.0946,(+C7H13NO2),loss/addition of Carnitine,FALSE,0.687746043
6726,7083,1.605914451,0.999960294,3.69,12.0006,12,(CO-O/CH2-H2),addition of CO and dehydroxylation /Methylation and dehydrogenation,FALSE,0.605914451
6726,7148,1.954733395,-0.262642396,1.96,14.0152,14.0157,(+CH2),Methylation/Demethylation,FALSE,0.954733395
6726,7149,1.977486166,-0.363615353,1.727,14.0153,14.0157,(+CH2),Methylation/Demethylation,FALSE,0.977486166
6726,7151,1.978354906,0.999561863,1.307,14.0154,14.0157,(+CH2),Methylation/Demethylation,FALSE,0.978354906
6726,7153,1.962036908,0.364230355,0.812,14.0155,14.0157,(+CH2),Methylation/Demethylation,FALSE,0.962036908
6726,9239,1.877475315,0.310678843,0.826,93.9735,93.9725,(+CH2+SO3),Methylation+sulfatation,FALSE,0.877475315
7083,7496,1.851934381,0.999948187,5.41,14.014,14.0157,(+CH2),Methylation/Demethylation,FALSE,0.851934381
7083,7498,1.852772566,0.999809939,1.292,14.0142,14.0157,(+CH2),Methylation/Demethylation,FALSE,0.852772566
7083,7500,1.87738799,0.999859682,0.951,14.0143,14.0157,(+CH2),Methylation/Demethylation,FALSE,0.87738799
7148,7496,1.617868554,-0.26301162,3.68,11.9994,12,(CO-O/CH2-H2),addition of CO and dehydroxylation /Methylation and dehydrogenation,FALSE,0.617868554
7148,7498,1.655512668,-0.251622295,0.438,11.9996,12,(CO-O/CH2-H2),addition of CO and dehydroxylation /Methylation and dehydrogenation,FALSE,0.655512668
7148,7500,1.665612167,-0.264918024,0.779,11.9997,12,(CO-O/CH2-H2),addition of CO and dehydroxylation /Methylation and dehydrogenation,FALSE,0.665612167
7148,7649,1.938998814,-0.26621787,3.276,17.026,17.0265,NH3,Add. Ions (M+NH4),FALSE,0.938998814
7148,7870,1.883871808,-0.281072802,0.125,26.0165,26.015,(+C2H2)/ (+C2H2O-O),Acetylation and  loss of OH,FALSE,0.883871808
7148,9239,1.911777505,-0.338668903,1.134,79.9583,79.9568,(+SO3),sulfate conjugation,FALSE,0.911777505
7148,10621,1.953735332,0.281544506,0.233,176.0309,176.0321,(+C6H8O6),Glucuronidation,FALSE,0.953735332
7149,7496,1.672042862,-0.362572795,3.447,11.9993,12,(CO-O/CH2-H2),addition of CO and dehydroxylation /Methylation and dehydrogenation,FALSE,0.672042862
7149,7498,1.700097123,-0.353438659,0.671,11.9995,12,(CO-O/CH2-H2),addition of CO and dehydroxylation /Methylation and dehydrogenation,FALSE,0.700097123
7149,7500,1.714645529,-0.357161301,1.012,11.9996,12,(CO-O/CH2-H2),addition of CO and dehydroxylation /Methylation and dehydrogenation,FALSE,0.714645529
7149,7649,1.976506852,-0.353443907,3.043,17.0259,17.0265,NH3,Add. Ions (M+NH4),FALSE,0.976506852
7149,7870,1.885483575,-0.332296814,0.358,26.0164,26.015,(+C2H2)/ (+C2H2O-O),Acetylation and  loss of OH,FALSE,0.885483575
7149,8960,1.50495316,-0.370923226,2.064,68.0618,68.0626,(-C5H8),Deisopentenylation,FALSE,0.50495316
7149,9239,1.955922422,0.677266276,0.901,79.9582,79.9568,(+SO3),sulfate conjugation,FALSE,0.955922422
7149,10621,1.969693907,0.999746647,0,176.0308,176.0321,(+C6H8O6),Glucuronidation,TRUE,0.969693907
7151,7496,1.65685057,0.999598525,0.413,11.9992,12,(CO-O/CH2-H2),addition of CO and dehydroxylation /Methylation and dehydrogenation,FALSE,0.65685057
7151,7498,1.684076205,0.999633269,3.705,11.9994,12,(CO-O/CH2-H2),addition of CO and dehydroxylation /Methylation and dehydrogenation,FALSE,0.684076205
7151,7500,1.696725475,0.999762736,4.046,11.9995,12,(CO-O/CH2-H2),addition of CO and dehydroxylation /Methylation and dehydrogenation,FALSE,0.696725475
7151,7649,1.971470535,0.99985033,0.009,17.0258,17.0265,NH3,Add. Ions (M+NH4),TRUE,0.971470535
7151,7870,1.878695733,0.999809941,3.392,26.0163,26.015,(+C2H2)/ (+C2H2O-O),Acetylation and  loss of OH,FALSE,0.878695733
7151,9239,1.946503426,0.338652062,2.133,79.9581,79.9568,(+SO3),sulfate conjugation,FALSE,0.946503426
7151,10621,1.969306794,-0.343030055,3.034,176.0307,176.0321,(+C6H8O6),Glucuronidation,FALSE,0.969306794
7153,7496,1.63974678,0.365410695,2.532,11.9991,12,(CO-O/CH2-H2),addition of CO and dehydroxylation /Methylation and dehydrogenation,FALSE,0.63974678
7153,7498,1.668482196,0.369359205,1.586,11.9993,12,(CO-O/CH2-H2),addition of CO and dehydroxylation /Methylation and dehydrogenation,FALSE,0.668482196
7153,7500,1.684751679,0.371517367,1.927,11.9994,12,(CO-O/CH2-H2),addition of CO and dehydroxylation /Methylation and dehydrogenation,FALSE,0.684751679
7153,7649,1.960151017,0.375692987,2.128,17.0257,17.0265,NH3,Add. Ions (M+NH4),FALSE,0.960151017
7153,7870,1.866236054,0.402295806,1.273,26.0162,26.015,(+C2H2)/ (+C2H2O-O),Acetylation and  loss of OH,FALSE,0.866236054
7153,8960,1.500309825,0.355921496,1.149,68.0616,68.0626,(-C5H8),Deisopentenylation,FALSE,0.500309825
7153,9239,1.939882716,0.998326887,0.014,79.958,79.9568,(+SO3),sulfate conjugation,TRUE,0.939882716
7153,10621,1.962216721,0.633858394,0.915,176.0306,176.0321,(+C6H8O6),Glucuronidation,FALSE,0.962216721
7496,7870,1.70155746,0.999086918,3.805,14.0171,14.0157,(+CH2),Methylation/Demethylation,FALSE,0.70155746
7496,7953,1.7533357,0.999948187,4.445,17.0267,17.0265,NH3,Add. Ions (M+NH4),FALSE,0.7533357
7496,7954,1.613580611,0.999948187,5.139,17.027,17.0265,NH3,Add. Ions (M+NH4),FALSE,0.613580611
7496,8960,1.773817533,0.999948187,1.383,56.0625,56.0626,(C4H8),loss of butyl,FALSE,0.773817533
7496,9375,1.821230296,0.999208344,4.282,75.0326,75.032,(C2H5NO2),loss of  glycine,FALSE,0.821230296
7498,7870,1.738325887,0.999044509,0.313,14.0169,14.0157,(+CH2),Methylation/Demethylation,FALSE,0.738325887
7498,7953,1.75658551,0.999809939,0.327,17.0265,17.0265,NH3,Add. Ions (M+NH4),FALSE,0.75658551
7498,7954,1.630159983,0.999809939,1.021,17.0268,17.0265,NH3,Add. Ions (M+NH4),FALSE,0.630159983
7498,8960,1.755905265,0.999809939,2.735,56.0623,56.0626,(C4H8),loss of butyl,FALSE,0.755905265
7498,9375,1.840010291,0.999658067,0.164,75.0324,75.032,(C2H5NO2),loss of  glycine,FALSE,0.840010291
7500,7870,1.743913508,0.999329869,0.654,14.0168,14.0157,(+CH2),Methylation/Demethylation,FALSE,0.743913508
7500,7953,1.761408574,0.999859682,0.014,17.0264,17.0265,NH3,Add. Ions (M+NH4),TRUE,0.761408574
7500,7954,1.629509438,0.999859682,0.68,17.0267,17.0265,NH3,Add. Ions (M+NH4),FALSE,0.629509438
7500,8960,1.771869096,0.999859682,3.076,56.0622,56.0626,(C4H8),loss of butyl,FALSE,0.771869096
7500,9375,1.832707368,0.999307399,0.177,75.0323,75.032,(C2H5NO2),loss of  glycine,FALSE,0.832707368
7649,7953,1.563014042,0.999774088,4.041,12.0001,12,(CO-O/CH2-H2),addition of CO and dehydroxylation /Methylation and dehydrogenation,FALSE,0.563014042
7649,7954,1.520445134,0.999774088,4.735,12.0004,12,(CO-O/CH2-H2),addition of CO and dehydroxylation /Methylation and dehydrogenation,FALSE,0.520445134
7649,9079,1.759939501,0.401045493,5.255,55.9904,55.9898,(-CO-CO),loss/addition of di-CO,FALSE,0.759939501
7649,9553,1.868282279,0.304815648,2.149,79.9559,79.9568,(+SO3),sulfate conjugation,FALSE,0.868282279
7649,9629,1.53027969,0.999735793,4.355,84.0225,84.0212,(+C2H2O+C2H2O),di-Acetylation,FALSE,0.53027969
7649,10754,1.940494776,-0.266217427,3.28,176.0345,176.0321,(+C6H8O6),Glucuronidation,FALSE,0.940494776
7649,10756,1.943001041,-0.317896059,2.797,176.0349,176.0321,(+C6H8O6),Glucuronidation,FALSE,0.943001041
7865,7917,1.75009543,0.955336529,0.402,2.0143,2.0157,(H2),dehydrogenation/hydrogenation,FALSE,0.75009543
7865,7918,1.761185052,0.848956984,0.706,2.0145,2.0157,(H2),dehydrogenation/hydrogenation,FALSE,0.761185052
7865,8281,1.66126925,0.913655453,0.167,15.9936,15.9949,(O),oxidation/hydroxylation,FALSE,0.66126925
7865,8282,1.67589768,0.92271917,2.223,15.9937,15.9949,(O),oxidation/hydroxylation,FALSE,0.67589768
7865,8283,1.66497549,0.914739721,1.304,15.9938,15.9949,(O),oxidation/hydroxylation,FALSE,0.66497549
7865,8285,1.677184485,0.904845398,2.71,15.9938,15.9949,(O),oxidation/hydroxylation,FALSE,0.677184485
7865,8286,1.662314511,0.971495886,1.003,15.9938,15.9949,(O),oxidation/hydroxylation,FALSE,0.662314511
7865,8287,1.65386506,0.898195594,3.923,15.9939,15.9949,(O),oxidation/hydroxylation,FALSE,0.65386506
7865,8288,1.66654734,0.877518598,4.222,15.994,15.9949,(O),oxidation/hydroxylation,FALSE,0.66654734
7865,8659,1.741344758,0.931147805,0.859,30.0096,30.0106,(+O+CH2),Hydroxylation+methylation/Demethoxylation,FALSE,0.741344758
7865,8661,1.755379199,0.866530108,0.562,30.01,30.0106,(+O+CH2),Hydroxylation+methylation/Demethoxylation,FALSE,0.755379199
7865,8996,1.751732522,0.876935987,1.475,44.0261,44.0263,(+H2+ C2H2O),Acetylation and hydrogenation,FALSE,0.751732522
7865,8998,1.673029717,0.893979481,1.321,44.0262,44.0263,(+H2+ C2H2O),Acetylation and hydrogenation,FALSE,0.673029717
7870,8960,1.550878061,0.998625445,2.422,42.0454,42.047,(3*CH2),loss of propylgroup,FALSE,0.550878061
7917,8281,1.819062949,0.752742999,0.235,13.9793,13.9793,(H2+O),dehydrogenation and gain  of oxygen,FALSE,0.819062949
7917,8282,1.850362877,0.767592931,2.625,13.9794,13.9793,(H2+O),dehydrogenation and gain  of oxygen,FALSE,0.850362877
7917,8283,1.842614041,0.754483355,1.706,13.9795,13.9793,(H2+O),dehydrogenation and gain  of oxygen,FALSE,0.842614041
7917,8285,1.860542985,0.73862344,3.112,13.9795,13.9793,(H2+O),dehydrogenation and gain  of oxygen,FALSE,0.860542985
7917,8286,1.834983565,0.858059135,1.405,13.9795,13.9793,(H2+O),dehydrogenation and gain  of oxygen,FALSE,0.834983565
7917,8287,1.80407651,0.728446262,4.325,13.9796,13.9793,(H2+O),dehydrogenation and gain  of oxygen,FALSE,0.80407651
7917,8288,1.828583512,0.696611601,4.624,13.9797,13.9793,(H2+O),dehydrogenation and gain  of oxygen,FALSE,0.828583512
7917,8659,1.797748815,0.781811768,0.457,27.9953,27.9949,(+CO)/(+OCH2-H2),loss/addition of CO,FALSE,0.797748815
7917,8661,1.820779423,0.680326947,0.16,27.9957,27.9949,(+CO)/(+OCH2-H2),loss/addition of CO,FALSE,0.820779423
7917,8996,1.837979168,0.695740557,1.073,42.0118,42.0106,(+C2H2O),Acetylation/Deacetylation,FALSE,0.837979168
7917,8998,1.670177763,0.7216269,0.919,42.0119,42.0106,(+C2H2O),Acetylation/Deacetylation,FALSE,0.670177763
7918,8281,1.828161624,0.560900323,0.539,13.9791,13.9793,(H2+O),dehydrogenation and gain  of oxygen,FALSE,0.828161624
7918,8282,1.86000268,0.579698079,2.929,13.9792,13.9793,(H2+O),dehydrogenation and gain  of oxygen,FALSE,0.86000268
7918,8283,1.850616136,0.563100095,2.01,13.9793,13.9793,(H2+O),dehydrogenation and gain  of oxygen,FALSE,0.850616136
7918,8285,1.868380413,0.543329931,3.416,13.9793,13.9793,(H2+O),dehydrogenation and gain  of oxygen,FALSE,0.868380413
7918,8286,1.843699608,0.699499095,1.709,13.9793,13.9793,(H2+O),dehydrogenation and gain  of oxygen,FALSE,0.843699608
7918,8287,1.81271676,0.53117959,4.629,13.9794,13.9793,(H2+O),dehydrogenation and gain  of oxygen,FALSE,0.81271676
7918,8288,1.837435067,0.491622632,4.928,13.9795,13.9793,(H2+O),dehydrogenation and gain  of oxygen,FALSE,0.837435067
7918,8659,1.80640396,0.597841053,0.153,27.9951,27.9949,(+CO)/(+OCH2-H2),loss/addition of CO,FALSE,0.80640396
7918,8661,1.82778333,0.471948753,0.144,27.9955,27.9949,(+CO)/(+OCH2-H2),loss/addition of CO,FALSE,0.82778333
7918,8996,1.846775767,0.490602846,0.769,42.0116,42.0106,(+C2H2O),Acetylation/Deacetylation,FALSE,0.846775767
7918,8998,1.682192376,0.522203949,0.615,42.0117,42.0106,(+C2H2O),Acetylation/Deacetylation,FALSE,0.682192376
7953,8312,1.731018463,0.999996417,0.258,14.018,14.0157,(+CH2),Methylation/Demethylation,FALSE,0.731018463
7953,8687,1.717601744,0.973535744,0.458,28.0327,28.0313,(+C2H4),loss/addition of C2H4,FALSE,0.717601744
7953,9080,1.723035626,0.999998644,0.054,44.0275,44.0263,(+H2+ C2H2O),Acetylation and hydrogenation,FALSE,0.723035626
7953,9375,1.68134583,0.99896973,0.163,58.0059,58.0055,(+CH2+CO2),Methylation+Carboxylation,FALSE,0.68134583
7953,9628,1.737359522,0.999346609,0.353,72.0219,72.0211,(-C2H4-CO2),(-C2H4-CO2),FALSE,0.737359522
7953,9814,1.513495286,0.999479835,0.177,84.0206,84.0212,(+C2H2O+C2H2O),di-Acetylation,FALSE,0.513495286
7953,9973,1.576332821,0.990779716,0.653,93.9719,93.9725,(+CH2+SO3),Methylation+sulfatation,FALSE,0.576332821
7953,10095,1.691704727,0.999999473,0.803,100.0533,100.0524,(-C5H8O2),Loss of hydrogenatedc angelica ester group,FALSE,0.691704727
7954,8312,1.927906588,0.999996417,0.952,14.0177,14.0157,(+CH2),Methylation/Demethylation,FALSE,0.927906588
7954,8687,1.592866053,0.973535744,1.152,28.0324,28.0313,(+C2H4),loss/addition of C2H4,FALSE,0.592866053
7954,9080,1.618549193,0.999998644,0.748,44.0272,44.0263,(+H2+ C2H2O),Acetylation and hydrogenation,FALSE,0.618549193
7954,9375,1.526380219,0.99896973,0.857,58.0056,58.0055,(+CH2+CO2),Methylation+Carboxylation,FALSE,0.526380219
7954,9628,1.592863063,0.999346609,1.047,72.0216,72.0211,(-C2H4-CO2),(-C2H4-CO2),FALSE,0.592863063
7954,9814,1.836358429,0.999479835,0.517,84.0203,84.0212,(+C2H2O+C2H2O),di-Acetylation,FALSE,0.836358429
7954,9973,1.691308192,0.990779716,0.041,93.9716,93.9725,(+CH2+SO3),Methylation+sulfatation,FALSE,0.691308192
7954,10095,1.537658904,0.999999473,1.497,100.053,100.0524,(-C5H8O2),Loss of hydrogenatedc angelica ester group,FALSE,0.537658904
8197,8665,1.986752714,0.999923909,0.006,18.0112,18.0106,(+H2O),Hydrolyzation/loss of H2O,TRUE,0.986752714
8197,8666,1.870440886,0.999644816,0.271,18.0112,18.0106,(+H2O),Hydrolyzation/loss of H2O,FALSE,0.870440886
8198,8665,1.987481986,0.999347871,0.201,18.0111,18.0106,(+H2O),Hydrolyzation/loss of H2O,FALSE,0.987481986
8198,8666,1.875983232,0.999538067,0.064,18.0111,18.0106,(+H2O),Hydrolyzation/loss of H2O,FALSE,0.875983232
8199,8665,1.984939624,0.999329726,0.265,18.0085,18.0106,(+H2O),Hydrolyzation/loss of H2O,FALSE,0.984939624
8199,8666,1.873309391,0.999506942,0,18.0085,18.0106,(+H2O),Hydrolyzation/loss of H2O,TRUE,0.873309391
8281,8659,1.936612145,0.998969027,0.692,14.016,14.0157,(+CH2),Methylation/Demethylation,FALSE,0.936612145
8281,8661,1.953209485,0.99456827,0.395,14.0164,14.0157,(+CH2),Methylation/Demethylation,FALSE,0.953209485
8281,8996,1.998001155,0.99654007,1.308,28.0325,28.0313,(+C2H4),loss/addition of C2H4,FALSE,0.998001155
8281,8997,1.832452587,0.999661338,0.912,28.0325,28.0313,(+C2H4),loss/addition of C2H4,FALSE,0.832452587
8281,8998,1.973652049,0.998913117,1.154,28.0326,28.0313,(+C2H4),loss/addition of C2H4,FALSE,0.973652049
8282,8659,1.937702251,0.999738554,3.082,14.0159,14.0157,(+CH2),Methylation/Demethylation,FALSE,0.937702251
8282,8661,1.953690168,0.991962465,2.785,14.0163,14.0157,(+CH2),Methylation/Demethylation,FALSE,0.953690168
8282,8996,1.994899633,0.994423699,3.698,28.0324,28.0313,(+C2H4),loss/addition of C2H4,FALSE,0.994899633
8282,8997,1.799472444,0.998852739,3.302,28.0324,28.0313,(+C2H4),loss/addition of C2H4,FALSE,0.799472444
8282,8998,1.957082064,0.997624925,3.544,28.0325,28.0313,(+C2H4),loss/addition of C2H4,FALSE,0.957082064
8283,8659,1.938298946,0.999083339,2.163,14.0158,14.0157,(+CH2),Methylation/Demethylation,FALSE,0.938298946
8283,8661,1.95568633,0.994316054,1.866,14.0162,14.0157,(+CH2),Methylation/Demethylation,FALSE,0.95568633
8283,8996,1.996662316,0.996347277,2.779,28.0323,28.0313,(+C2H4),loss/addition of C2H4,FALSE,0.996662316
8283,8997,1.808614816,0.999615595,2.383,28.0323,28.0313,(+C2H4),loss/addition of C2H4,FALSE,0.808614816
8283,8998,1.963101076,0.998812304,2.625,28.0324,28.0313,(+C2H4),loss/addition of C2H4,FALSE,0.963101076
8285,8659,1.942924595,0.997751825,3.569,14.0158,14.0157,(+CH2),Methylation/Demethylation,FALSE,0.942924595
8285,8661,1.960749594,0.996556473,3.272,14.0162,14.0157,(+CH2),Methylation/Demethylation,FALSE,0.960749594
8285,8996,1.998187895,0.998100151,4.185,28.0323,28.0313,(+C2H4),loss/addition of C2H4,FALSE,0.998187895
8285,8997,1.790732751,0.999977285,3.789,28.0323,28.0313,(+C2H4),loss/addition of C2H4,FALSE,0.790732751
8285,8998,1.953366939,0.999675047,4.031,28.0324,28.0313,(+C2H4),loss/addition of C2H4,FALSE,0.953366939
8286,8659,1.941185027,0.99104651,1.862,14.0158,14.0157,(+CH2),Methylation/Demethylation,FALSE,0.941185027
8286,8661,1.958482877,0.96014013,1.565,14.0162,14.0157,(+CH2),Methylation/Demethylation,FALSE,0.958482877
8286,8996,1.996725677,0.965851952,2.478,28.0323,28.0313,(+C2H4),loss/addition of C2H4,FALSE,0.996725677
8286,8997,1.816866028,0.979198059,2.082,28.0323,28.0313,(+C2H4),loss/addition of C2H4,FALSE,0.816866028
8286,8998,1.965067791,0.974714602,2.324,28.0324,28.0313,(+C2H4),loss/addition of C2H4,FALSE,0.965067791
8287,8659,1.941536514,0.996189273,4.782,14.0157,14.0157,(+CH2),Methylation/Demethylation,FALSE,0.941536514
8287,8661,1.958735037,0.997222265,4.485,14.0161,14.0157,(+CH2),Methylation/Demethylation,FALSE,0.958735037
8287,8996,1.996971329,0.998523864,5.398,28.0322,28.0313,(+C2H4),loss/addition of C2H4,FALSE,0.996971329
8287,8997,1.846957611,0.999494806,5.002,28.0322,28.0313,(+C2H4),loss/addition of C2H4,FALSE,0.846957611
8287,8998,1.978520504,0.99949838,5.244,28.0323,28.0313,(+C2H4),loss/addition of C2H4,FALSE,0.978520504
8288,8659,1.940774348,0.991946419,5.081,14.0156,14.0157,(+CH2),Methylation/Demethylation,FALSE,0.940774348
8288,8661,1.956090473,0.999747894,4.784,14.016,14.0157,(+CH2),Methylation/Demethylation,FALSE,0.956090473
8288,8996,1.998589742,0.99999555,5.697,28.0321,28.0313,(+C2H4),loss/addition of C2H4,FALSE,0.998589742
8288,8997,1.825729537,0.998403273,5.301,28.0321,28.0313,(+C2H4),loss/addition of C2H4,FALSE,0.825729537
8288,8998,1.969832255,0.999370446,5.543,28.0322,28.0313,(+C2H4),loss/addition of C2H4,FALSE,0.969832255
8312,8687,1.984820948,0.974132676,0.2,14.0147,14.0157,(+CH2),Methylation/Demethylation,FALSE,0.984820948
8312,9080,1.990811423,0.999999388,0.204,30.0095,30.0106,(+O+CH2),Hydroxylation+methylation/Demethoxylation,FALSE,0.990811423
8312,9375,1.857495641,0.999032039,0.095,43.9879,43.9898,(-CO2),Decarboxylation/Carboxylation,FALSE,0.857495641
8312,9377,1.950655351,0.999996417,0.15,44.0263,44.0263,(+H2+ C2H2O),Acetylation and hydrogenation,FALSE,0.950655351
8312,9628,1.980179165,0.999316778,0.095,58.0039,58.0055,(+CH2+CO2),Methylation+Carboxylation,FALSE,0.980179165
8312,9814,1.543411509,0.999560983,0.435,70.0026,70.0055,(-CO-C2H2O),Acetylation and addition of CO,FALSE,0.543411509
8312,9852,1.949582516,0.999996417,0.259,72.0193,72.0211,(-C2H4-CO2),(-C2H4-CO2),FALSE,0.949582516
8312,9853,1.579352201,0.999996417,0.34,72.0197,72.0211,(-C2H4-CO2),(-C2H4-CO2),FALSE,0.579352201
8312,9973,1.605399524,0.991132115,0.911,79.9539,79.9568,(+SO3),sulfate conjugation,FALSE,0.605399524
8312,10043,1.875200156,0.99937869,0.533,84.0215,84.0212,(+C2H2O+C2H2O),di-Acetylation,FALSE,0.875200156
8312,10189,1.989313363,0.99938414,0.082,93.9725,93.9725,(+CH2+SO3),Methylation+sulfatation,FALSE,0.989313363
8312,10288,1.988054367,0.999914901,1.568,100.0506,100.0524,(-C5H8O2),Loss of hydrogenatedc angelica ester group,FALSE,0.988054367
8312,10289,1.984674977,0.999636622,1.309,100.0507,100.0524,(-C5H8O2),Loss of hydrogenatedc angelica ester group,FALSE,0.984674977
8632,8974,1.926201118,0.999582583,0.909,14.0137,14.0157,(+CH2),Methylation/Demethylation,FALSE,0.926201118
8632,9296,1.729029933,0.999754316,1.432,28.029,28.0313,(+C2H4),loss/addition of C2H4,FALSE,0.729029933
8632,9815,1.6948852,0.960596621,0.517,58.0061,58.0055,(+CH2+CO2),Methylation+Carboxylation,FALSE,0.6948852
8659,8996,1.943401832,0.991782322,0.616,14.0165,14.0157,(+CH2),Methylation/Demethylation,FALSE,0.943401832
8659,8997,1.775590499,0.997512618,0.22,14.0165,14.0157,(+CH2),Methylation/Demethylation,FALSE,0.775590499
8659,8998,1.904965296,0.995812658,0.462,14.0166,14.0157,(+CH2),Methylation/Demethylation,FALSE,0.904965296
8661,8996,1.959136011,0.999770672,0.913,14.0161,14.0157,(+CH2),Methylation/Demethylation,FALSE,0.959136011
8661,8997,1.77830059,0.996883228,0.517,14.0161,14.0157,(+CH2),Methylation/Demethylation,FALSE,0.77830059
8661,8998,1.917303186,0.998321896,0.759,14.0162,14.0157,(+CH2),Methylation/Demethylation,FALSE,0.917303186
8687,9080,1.984127784,0.973910739,0.404,15.9948,15.9949,(O),oxidation/hydroxylation,FALSE,0.984127784
8687,9375,1.858200645,0.979051738,0.295,29.9732,29.9742,(+O2-H2),deoxidation and hydrogenation,FALSE,0.858200645
8687,9377,1.945996416,0.973535744,0.05,30.0116,30.0106,(+O+CH2),Hydroxylation+methylation/Demethoxylation,FALSE,0.945996416
8687,9628,1.972869556,0.971409444,0.105,43.9892,43.9898,(-CO2),Decarboxylation/Carboxylation,FALSE,0.972869556
8687,9814,1.53156732,0.980399582,0.635,55.9879,55.9898,(-CO-CO),loss/addition of di-CO,FALSE,0.53156732
8687,9852,1.945892936,0.973535744,0.059,58.0046,58.0055,(+CH2+CO2),Methylation+Carboxylation,FALSE,0.945892936
8687,9853,1.584819033,0.973535744,0.54,58.005,58.0055,(+CH2+CO2),Methylation+Carboxylation,FALSE,0.584819033
8687,10043,1.872832578,0.973711022,0.333,70.0068,70.0055,(-CO-C2H2O),Acetylation and addition of CO,FALSE,0.872832578
8687,10095,1.940346148,0.973433199,0.345,72.0206,72.0211,(-C2H4-CO2),(-C2H4-CO2),FALSE,0.940346148
8687,10189,1.983990345,0.981460517,0.118,79.9578,79.9568,(+SO3),sulfate conjugation,FALSE,0.983990345
8700,9194,1.699685823,0.999996554,1.064,20.0284,20.0263,(+H2+ H2O),Dehydrogenation and Hydrolyzation,FALSE,0.699685823
8700,9258,1.98422372,0.995644809,0.052,24.0017,24,(C2H2O-H2O),Acetylation and loss of H2O,FALSE,0.98422372
8700,9303,1.987860125,0.974564057,0.696,26.016,26.015,(+C2H2)/ (+C2H2O-O),Acetylation and  loss of OH,FALSE,0.987860125
8960,10288,1.727127238,0.999937683,1.236,75.0328,75.032,(C2H5NO2),loss of  glycine,FALSE,0.727127238
8960,10289,1.69900061,0.999684884,1.495,75.0329,75.032,(C2H5NO2),loss of  glycine,FALSE,0.69900061
8974,9296,1.929336987,0.998805512,0.523,14.0153,14.0157,(+CH2),Methylation/Demethylation,FALSE,0.929336987
8974,9815,1.866532951,0.966391416,0.392,43.9924,43.9898,(-CO2),Decarboxylation/Carboxylation,FALSE,0.866532951
8976,9297,1.841489138,0.999992173,0.967,14.0151,14.0157,(+CH2),Methylation/Demethylation,FALSE,0.841489138
8976,9814,1.526740027,0.999479835,0.258,43.9891,43.9898,(-CO2),Decarboxylation/Carboxylation,FALSE,0.526740027
8976,9853,1.524237828,1,0.163,46.0062,46.0055,(O+OCH2),Hydrogenation and Methylation,FALSE,0.524237828
9080,9375,1.860735708,0.999015346,0.109,13.9784,13.9793,(H2+O),dehydrogenation and gain  of oxygen,FALSE,0.860735708
9080,9377,1.9501943,0.999998644,0.354,14.0168,14.0157,(+CH2),Methylation/Demethylation,FALSE,0.9501943
9080,9628,1.976921269,0.999334517,0.299,27.9944,27.9949,(+CO)/(+OCH2-H2),loss/addition of CO,FALSE,0.976921269
9080,9814,1.533538336,0.999531584,0.231,39.9931,39.9949,(+C2H2O-H2),Acetylation and dehydrogenation,FALSE,0.533538336
9080,9852,1.956627311,0.999998644,0.463,42.0098,42.0106,(+C2H2O),Acetylation/Deacetylation,FALSE,0.956627311
9080,9853,1.581171204,0.999998644,0.136,42.0102,42.0106,(+C2H2O),Acetylation/Deacetylation,FALSE,0.581171204
9080,10095,1.942618413,0.999997383,0.749,56.0258,56.0263,(+CH2+C2H2O),propionylation,FALSE,0.942618413
9080,10288,1.985113387,0.999926898,1.772,70.0411,70.0419,(+C4H6O),butyrylation,FALSE,0.985113387
9080,10289,1.982385403,0.999661586,1.513,70.0412,70.0419,(+C4H6O),butyrylation,FALSE,0.982385403
9080,10355,1.965049721,0.999999875,1.745,76.0317,76.0313,(+C6H5-H),loss/addition of phenyl,FALSE,0.965049721
9103,9401,1.969139824,0.974784886,0.103,14.0168,14.0157,(+CH2),Methylation/Demethylation,FALSE,0.969139824
9103,9402,1.965417855,0.974784886,0.403,14.0169,14.0157,(+CH2),Methylation/Demethylation,FALSE,0.965417855
9103,9646,1.915689097,0.974784886,0.415,28.0309,28.0313,(+C2H4),loss/addition of C2H4,FALSE,0.915689097
9103,9647,1.932626541,0.975744171,0.103,28.031,28.0313,(+C2H4),loss/addition of C2H4,FALSE,0.932626541
9103,9648,1.934347102,0.974844018,0.667,28.0315,28.0313,(+C2H4),loss/addition of C2H4,FALSE,0.934347102
9103,11051,1.834845449,0.976127611,0.011,162.0529,162.0528,(C6H10O5),loss/addition of Hexose/Deglucosylation,TRUE,0.834845449
9239,9553,1.890150815,0.999812763,0.007,17.0236,17.0265,NH3,Add. Ions (M+NH4),TRUE,0.890150815
9258,9303,1.875465218,0.991207745,0.644,2.0143,2.0157,(H2),dehydrogenation/hydrogenation,FALSE,0.875465218
9296,9815,1.878631029,0.958601401,0.915,29.9771,29.9742,(+O2-H2),deoxidation and hydrogenation,FALSE,0.878631029
9297,9554,1.98448131,0.999988216,0.437,14.0184,14.0157,(+CH2),Methylation/Demethylation,FALSE,0.98448131
9297,9852,1.586084922,0.999992173,0.531,31.9907,31.9898,(+2O),Dihydroxylation,FALSE,0.586084922
9297,10043,1.705049794,0.999438455,0.257,43.9929,43.9898,(-CO2),Decarboxylation/Carboxylation,FALSE,0.705049794
9297,10465,1.544413999,0.98796541,1.742,75.0336,75.032,(C2H5NO2),loss of  glycine,FALSE,0.544413999
9375,9628,1.849098118,0.99938579,0.19,14.016,14.0157,(+CH2),Methylation/Demethylation,FALSE,0.849098118
9375,9852,1.829873402,0.99896973,0.354,28.0314,28.0313,(+C2H4),loss/addition of C2H4,FALSE,0.829873402
9375,10095,1.804181621,0.998988232,0.64,42.0474,42.047,(3*CH2),loss of propylgroup,FALSE,0.804181621
9375,10288,1.863645986,0.999043682,1.663,56.0627,56.0626,(C4H8),loss of butyl,FALSE,0.863645986
9375,10289,1.860252261,0.998909039,1.404,56.0628,56.0626,(C4H8),loss of butyl,FALSE,0.860252261
9377,9628,1.938826104,0.999346609,0.055,13.9776,13.9793,(H2+O),dehydrogenation and gain  of oxygen,FALSE,0.938826104
9377,9629,1.509488665,0.999991284,0.722,13.9781,13.9793,(H2+O),dehydrogenation and gain  of oxygen,FALSE,0.509488665
9377,9814,1.545440818,0.999479835,0.585,25.9763,25.9792,(+CO-H2),addition of CO and dehydrogenation,FALSE,0.545440818
9377,9852,1.929448286,1,0.109,27.993,27.9949,(+CO)/(+OCH2-H2),loss/addition of CO,FALSE,0.929448286
9377,9853,1.611745797,1,0.49,27.9934,27.9949,(+CO)/(+OCH2-H2),loss/addition of CO,FALSE,0.611745797
9377,10043,1.862824073,0.999383133,0.383,39.9952,39.9949,(+C2H2O-H2),Acetylation and dehydrogenation,FALSE,0.862824073
9377,10095,1.922731935,0.999999473,0.395,42.009,42.0106,(+C2H2O),Acetylation/Deacetylation,FALSE,0.922731935
9377,10288,1.947342644,0.999937683,1.418,56.0243,56.0263,(+CH2+C2H2O),propionylation,FALSE,0.947342644
9377,10289,1.942232096,0.999684884,1.159,56.0244,56.0263,(+CH2+C2H2O),propionylation,FALSE,0.942232096
9377,10590,1.631763859,0.999844968,2.328,84.0572,84.0575,(-C5H8O),Deisopentenyloxy,FALSE,0.631763859
9401,9646,1.927503541,1,0.312,14.0141,14.0157,(+CH2),Methylation/Demethylation,FALSE,0.927503541
9401,9647,1.956305557,0.999989716,0,14.0142,14.0157,(+CH2),Methylation/Demethylation,TRUE,0.956305557
9401,9648,1.932776726,0.999999962,0.564,14.0147,14.0157,(+CH2),Methylation/Demethylation,FALSE,0.932776726
9402,9646,1.917169343,1,0.012,14.014,14.0157,(+CH2),Methylation/Demethylation,TRUE,0.917169343
9402,9647,1.940701894,0.999989716,0.3,14.0141,14.0157,(+CH2),Methylation/Demethylation,FALSE,0.940701894
9402,9648,1.922220278,0.999999962,0.264,14.0146,14.0157,(+CH2),Methylation/Demethylation,FALSE,0.922220278
9506,9571,1.929240885,0.999725779,0.703,3.9929,3.9949,(H2O-CH2),Hydrolyzation and Demethylation,FALSE,0.929240885
9513,9580,1.566008959,0.999999843,0.64,4.0319,4.0313,(-2H2),Dihydrogenation,FALSE,0.566008959
9554,10043,1.641008092,0.999358086,0.694,29.9745,29.9742,(+O2-H2),deoxidation and hydrogenation,FALSE,0.641008092
9580,9875,1.975910491,0.999999843,0,17.028,17.0265,NH3,Add. Ions (M+NH4),TRUE,0.975910491
9628,9814,1.524177051,0.998616492,0.53,11.9987,12,(CO-O/CH2-H2),addition of CO and dehydroxylation /Methylation and dehydrogenation,FALSE,0.524177051
9628,9852,1.93833477,0.999346609,0.164,14.0154,14.0157,(+CH2),Methylation/Demethylation,FALSE,0.93833477
9628,9853,1.567033797,0.999346609,0.435,14.0158,14.0157,(+CH2),Methylation/Demethylation,FALSE,0.567033797
9628,10043,1.860605411,0.999948897,0.438,26.0176,26.015,(+C2H2)/ (+C2H2O-O),Acetylation and  loss of OH,FALSE,0.860605411
9628,10095,1.93822704,0.999380986,0.45,28.0314,28.0313,(+C2H4),loss/addition of C2H4,FALSE,0.93822704
9628,10288,1.970604213,0.999623384,1.473,42.0467,42.047,(3*CH2),loss of propylgroup,FALSE,0.970604213
9628,10289,1.97128143,0.9997574,1.214,42.0468,42.047,(3*CH2),loss of propylgroup,FALSE,0.97128143
9629,9852,1.525204459,0.999991284,0.831,14.0149,14.0157,(+CH2),Methylation/Demethylation,FALSE,0.525204459
9629,9853,1.740148287,0.999991284,0.232,14.0153,14.0157,(+CH2),Methylation/Demethylation,FALSE,0.740148287
9629,10091,1.62796127,0.251513252,0.142,27.9943,27.9949,(+CO)/(+OCH2-H2),loss/addition of CO,FALSE,0.62796127
9629,10092,1.611852885,0.168829994,0.311,27.9944,27.9949,(+CO)/(+OCH2-H2),loss/addition of CO,FALSE,0.611852885
9629,10095,1.513746525,0.999994921,1.117,28.0309,28.0313,(+C2H4),loss/addition of C2H4,FALSE,0.513746525
9629,10152,1.581284529,0.999991284,0.908,32.0265,32.0263,(+H2+ OCH2)/(-CH2-H2O),hydrogenation and Methylation,FALSE,0.581284529
9814,9852,1.521153534,0.999479835,0.694,2.0167,2.0157,(H2),dehydrogenation/hydrogenation,FALSE,0.521153534
9814,9853,1.642866199,0.999479835,0.095,2.0171,2.0157,(H2),dehydrogenation/hydrogenation,FALSE,0.642866199
9814,10043,1.834258819,0.99897277,0.968,14.0189,14.0157,(+CH2),Methylation/Demethylation,FALSE,0.834258819
9814,10288,1.541261272,0.999232876,2.003,30.048,30.047,(+H2+C2H4),hydrogenation and addition of C2H4,FALSE,0.541261272
9814,10289,1.515781141,0.998735117,1.744,30.0481,30.047,(+H2+C2H4),hydrogenation and addition of C2H4,FALSE,0.515781141
9852,10043,1.922748439,0.999383133,0.274,12.0022,12,(CO-O/CH2-H2),addition of CO and dehydroxylation /Methylation and dehydrogenation,FALSE,0.922748439
9852,10095,1.923136299,0.999999473,0.286,14.016,14.0157,(+CH2),Methylation/Demethylation,FALSE,0.923136299
9852,10288,1.947064265,0.999937683,1.309,28.0313,28.0313,(+C2H4),loss/addition of C2H4,FALSE,0.947064265
9852,10289,1.941596047,0.999684884,1.05,28.0314,28.0313,(+C2H4),loss/addition of C2H4,FALSE,0.941596047
9852,10590,1.581640678,0.999844968,2.219,56.0642,56.0626,(C4H8),loss of butyl,FALSE,0.581640678
9853,10091,1.515742188,0.252863976,0.374,13.979,13.9793,(H2+O),dehydrogenation and gain  of oxygen,FALSE,0.515742188
9853,10095,1.652885299,0.999999473,0.885,14.0156,14.0157,(+CH2),Methylation/Demethylation,FALSE,0.652885299
9853,10152,1.535574799,1,1.14,18.0112,18.0106,(+H2O),Hydrolyzation/loss of H2O,FALSE,0.535574799
9853,10288,1.567011703,0.999937683,1.908,28.0309,28.0313,(+C2H4),loss/addition of C2H4,FALSE,0.567011703
9853,10289,1.556063882,0.999684884,1.649,28.031,28.0313,(+C2H4),loss/addition of C2H4,FALSE,0.556063882
9853,10590,1.611245473,0.999844968,2.818,56.0638,56.0626,(C4H8),loss of butyl,FALSE,0.611245473
9973,10189,1.707565502,0.995183582,0.993,14.0186,14.0157,(+CH2),Methylation/Demethylation,FALSE,0.707565502
10022,10465,1.704363333,0.000933802,0.204,31.9906,31.9898,(+2O),Dihydroxylation,FALSE,0.704363333
10042,10091,1.7231754,0.851781729,1.875,1.9774,1.9793,(-CH2+O),Demethylation -Hydroxylation,FALSE,0.7231754
10042,10092,1.746143439,0.804508171,2.044,1.9775,1.9793,(-CH2+O),Demethylation -Hydroxylation,FALSE,0.746143439
10043,10095,1.858705203,0.999412113,0.012,2.0138,2.0157,(H2),dehydrogenation/hydrogenation,TRUE,0.858705203
10043,10288,1.872576646,0.999605943,1.035,16.0291,16.0314,(+H2+CH2),hydrogenation and Methylation,FALSE,0.872576646
10043,10289,1.872166444,0.999671401,0.776,16.0292,16.0314,(+H2+CH2),hydrogenation and Methylation,FALSE,0.872166444
10091,10152,1.600413584,0.252863976,0.766,4.0322,4.0313,(-2H2),Dihydrogenation,FALSE,0.600413584
10092,10152,1.604666447,0.17020297,0.597,4.0321,4.0313,(-2H2),Dihydrogenation,FALSE,0.604666447
10095,10288,1.93888569,0.999946418,1.023,14.0153,14.0157,(+CH2),Methylation/Demethylation,FALSE,0.93888569
10095,10289,1.936804692,0.999704092,0.764,14.0154,14.0157,(+CH2),Methylation/Demethylation,FALSE,0.936804692
10095,10590,1.626622681,0.99983658,1.933,42.0482,42.047,(3*CH2),loss of propylgroup,FALSE,0.626622681
10095,10649,1.532952055,0.999999473,2.865,50.0001,50.0004,(+H2+3O),Hydrogenation+Trihydroxylation,FALSE,0.532952055
10095,10697,1.659346575,0.999999473,2.015,56.0601,56.0626,(C4H8),loss of butyl,FALSE,0.659346575
10152,10649,1.577234201,1,0.84,46.0045,46.0055,(O+OCH2),Hydrogenation and Methylation,FALSE,0.577234201
10260,10438,1.990707718,0.999997923,0.436,14.0162,14.0157,(+CH2),Methylation/Demethylation,FALSE,0.990707718
10260,10465,1.62777771,0.987844114,1.116,15.9949,15.9949,(O),oxidation/hydroxylation,FALSE,0.62777771
10288,10590,1.596361715,0.999809819,0.91,28.0329,28.0313,(+C2H4),loss/addition of C2H4,FALSE,0.596361715
10288,10697,1.629215918,0.999937683,0.992,42.0448,42.047,(3*CH2),loss of propylgroup,FALSE,0.629215918
10289,10590,1.57516578,0.999622673,1.169,28.0328,28.0313,(+C2H4),loss/addition of C2H4,FALSE,0.57516578
10289,10697,1.609966263,0.999684884,1.251,42.0447,42.047,(3*CH2),loss of propylgroup,FALSE,0.609966263
10417,10590,1.880161961,0.999844968,4.837,17.0299,17.0265,NH3,Add. Ions (M+NH4),FALSE,0.880161961
10417,10672,1.888247734,1,3.343,28.0339,28.0313,(+C2H4),loss/addition of C2H4,FALSE,0.888247734
10418,10590,1.905935257,0.999844968,0,17.0266,17.0265,NH3,Add. Ions (M+NH4),TRUE,0.905935257
10418,10672,1.893990964,1,1.494,28.0306,28.0313,(+C2H4),loss/addition of C2H4,FALSE,0.893990964
10438,10465,1.621351591,0.9879513,1.552,1.9787,1.9793,(-CH2+O),Demethylation -Hydroxylation,FALSE,0.621351591
10590,10697,1.92230018,0.999844968,0.082,14.0119,14.0157,(+CH2),Methylation/Demethylation,FALSE,0.92230018
10621,10754,1.933817272,0.281391055,0.237,17.0296,17.0265,NH3,Add. Ions (M+NH4),FALSE,0.933817272
10621,10756,1.960349295,0.981164484,0.246,17.03,17.0265,NH3,Add. Ions (M+NH4),FALSE,0.960349295
10908,11163,1.981728852,0.997716369,0.038,44.0267,44.0263,(+H2+ C2H2O),Acetylation and hydrogenation,FALSE,0.981728852
11373,11393,1.62777875,0.998597444,0.699,2.0187,2.0157,(H2),dehydrogenation/hydrogenation,FALSE,0.62777875
11373,11476,1.846313546,0.996243082,0.001,17.0262,17.0265,NH3,Add. Ions (M+NH4),TRUE,0.846313546
11388,11402,1.640069593,0.999765732,0.415,2.0149,2.0157,(H2),dehydrogenation/hydrogenation,FALSE,0.640069593
11402,11564,1.768667772,0.999623915,0.187,30.0095,30.0106,(+O+CH2),Hydroxylation+methylation/Demethoxylation,FALSE,0.768667772
