ID1,ID2,Value,Correlation,Retention Time Difference,MZ Difference
548,1444,1.5447613494977614,0.9998056228408041,0.0,18.0111
692,1364,1.7465719963418307,-0.030738910694219572,0.9350000000000023,13.980000000000018
692,1523,1.853426244380336,0.024582798213769675,0.6600000000000001,17.026700000000005
692,1595,1.75210571243137,0.8930809229202817,3.331999999999999,18.010400000000004
737,2021,1.974958896307965,0.15038130973613023,0.14300000000000068,26.015600000000006
737,2114,1.9790912018651496,0.1415049813566297,1.5130000000000017,28.031799999999976
737,3852,1.9431258064212604,0.12637943021311274,0.6780000000000008,70.04219999999998
737,6902,1.9433716024496657,0.5176380848626014,2.7560000000000002,161.0156
744,1429,1.9516870788711744,0.9999987799199499,0.25399999999999956,14.01600000000002
746,1428,1.6087274482817584,0.9999130119577101,0.25399999999999956,14.015899999999988
766,1551,1.8512783192437816,0.9981808574941057,2.231,15.995300000000043
766,1552,1.7577473030373931,0.9980808341252795,1.758,15.995300000000043
902,1777,1.9922950139729267,-0.09394752392140715,1.686,18.011000000000024
902,1778,1.995911141293204,0.9995581496981046,0.879999999999999,18.0111
902,1779,1.993786783172673,0.9956998455691122,1.0189999999999984,18.01120000000003
902,2424,1.9942859861873348,0.9999810753541005,0.7569999999999979,31.989599999999996
902,3464,1.9169334362352413,0.9997793503214386,1.3810000000000002,56.065300000000036
941,2188,1.6464819411269742,0.9878377523446696,1.2649999999999988,26.015199999999993
1101,2156,1.7687677774771564,-0.24386978321398628,2.2600000000000016,22.00559999999996
1101,2160,1.8750885499649204,0.992935709284922,1.0079999999999991,22.005899999999997
1101,2790,1.8569928040436008,0.999809938676745,0.8889999999999993,36.02139999999997
1101,2791,1.890981171112664,0.9972126064742666,1.7029999999999994,36.0215
1364,1595,1.6217262922316469,0.4219223000902629,4.267000000000001,4.030399999999986
1523,1595,1.7389645310830013,0.47143471205212684,3.991999999999999,0.9836999999999989
1523,5028,1.6549095373785814,0.998442648125298,1.1920000000000002,85.09280000000001
1777,2424,1.9982474448999727,-0.08952488631528681,0.929000000000002,13.978599999999972
1778,2424,1.998118274902955,0.9996774410239226,0.12300000000000111,13.978499999999997
1779,2424,1.9992718315071285,0.9961021649463196,0.26200000000000045,13.978399999999965
2021,2114,1.986235478825516,0.992477768340264,1.370000000000001,2.0161999999999694
2021,3174,1.9886639628059768,0.998726399722477,1.0670000000000002,26.016899999999964
2021,3255,1.991641535258208,0.9769857232901513,1.8580000000000005,28.03109999999998
2021,3256,1.990240501685085,0.9966508573944709,2.0730000000000004,28.031299999999987
2021,3494,1.5434212776246097,-0.2212949129454838,3.367000000000001,34.00609999999995
2021,3852,1.782233783596339,0.9989689239710604,0.5350000000000001,44.02659999999997
2021,4316,1.9924271513488736,0.9961411152237221,2.695999999999998,56.064099999999996
2114,3174,1.9739377695615272,0.9929841817394371,0.3030000000000008,24.000699999999995
2114,3255,1.9924093050993184,0.9950754225530489,0.48799999999999955,26.01490000000001
2114,3256,1.986628623728354,0.998329326338697,0.7029999999999994,26.015100000000018
2114,3852,1.9673948071715135,0.9960978015082992,0.8350000000000009,42.010400000000004
2114,3859,1.9920021563308128,0.9934407827745364,1.3589999999999982,42.046100000000024
2114,4391,1.9892467411753856,0.998938802867923,1.700999999999997,56.06270000000001
2114,4908,1.975176111774939,0.9947065775271724,0.35199999999999676,70.04180000000002
2114,5435,1.8513608598777824,0.9927179407112298,2.2379999999999995,85.09359999999998
2156,2790,1.7909355992459168,-0.23976292038609695,1.3710000000000022,14.015800000000013
2156,2791,1.843713460666352,-0.2661668631008785,0.5570000000000022,14.015900000000045
2156,3461,1.5896762961158664,-0.25973960117010164,0.532,30.0111
2156,3464,1.7143665762055584,-0.23874406382098898,1.368000000000002,30.01120000000003
2156,5918,1.7360565288099403,-0.21352099659435858,3.8320000000000007,100.05340000000001
2160,2790,1.935370771254605,0.992160203537542,0.11899999999999977,14.015499999999975
2160,2791,1.939341506703426,0.9844463846472175,0.6950000000000003,14.015600000000006
2160,3461,1.6271121163985098,0.985790859013671,0.7200000000000024,30.01079999999996
2160,5918,1.7058349611595325,0.9954814407015572,2.5799999999999983,100.05309999999997
2623,4273,1.517030246976126,0.18150598898478415,0.3049999999999997,42.048599999999965
2790,3461,1.6318084957021608,0.9988032836844812,0.8390000000000022,15.995299999999986
2790,3464,1.876078017363859,0.9999993847837073,0.0030000000000001137,15.995400000000018
2790,4062,1.6779462897329869,0.9998210189392142,1.157,32.02710000000002
2790,5894,1.877779630780816,0.9997564080688496,1.7939999999999987,85.0897
2790,6350,1.687605794440709,0.9995038573932521,1.2049999999999983,100.05270000000002
2791,3461,1.58634394130652,0.9999215696090363,0.02500000000000213,15.995199999999954
2791,3464,1.9012187549148765,0.9982365489881649,0.8109999999999999,15.995299999999986
2791,4062,1.6622929749796362,0.9973235812403722,0.34299999999999997,32.02699999999999
2791,5894,1.9072481532708072,0.9970364718604178,2.6079999999999988,85.08959999999996
2791,6350,1.697952736226024,0.996012052811049,2.0189999999999984,100.05259999999998
2885,3391,1.816783226275106,0.3089815256079998,0.4819999999999993,11.99980000000005
3174,3255,1.9798837188230192,0.9764257505361659,0.7910000000000004,2.0142000000000166
3174,3256,1.983965547875199,0.9980399301489441,1.0060000000000002,2.0144000000000233
3174,3852,1.987153985720439,0.9994413399819512,0.532,18.00970000000001
3174,4230,1.9798460675808576,0.9989239505606619,1.166999999999998,28.029600000000016
3174,4316,1.9807061785319904,0.9974481613668892,1.6289999999999978,30.047200000000032
3174,4541,1.56865787688531,0.998023930475421,1.9280000000000008,36.02120000000002
3174,5259,1.9729791407857928,0.9869201180908375,1.8689999999999998,56.060900000000004
3174,5261,1.984721586995979,0.9997903755614511,2.030999999999999,56.06270000000001
3255,3852,1.9767792612083173,0.9826583284746748,1.3230000000000004,15.995499999999993
3255,3859,1.992689978473458,0.9772483657315982,0.8709999999999987,16.031200000000013
3255,4230,1.9821599784499773,0.9849444353995976,0.37599999999999767,26.0154
3255,4316,1.9936620990774068,0.9890956373602767,0.8379999999999974,28.033000000000015
3255,4391,1.9936234555244212,0.9973564148975305,1.2129999999999974,30.047799999999995
3255,4908,1.9852884433367848,0.9796441890689926,0.13600000000000279,44.02690000000001
3255,5324,1.9960268433953503,0.9881141771976683,1.3539999999999992,56.06189999999998
3256,3852,1.9816421324704323,0.9992626025193158,1.5380000000000003,15.995299999999986
3256,3859,1.987790819577292,0.9983782828139129,0.6559999999999988,16.031000000000006
3256,4230,1.9851543380665932,0.9998556756384471,0.1609999999999978,26.015199999999993
3256,4316,1.9938014240358293,0.9999592042366776,0.6229999999999976,28.03280000000001
3256,4391,1.9899561424881909,0.9955731016480658,0.9979999999999976,30.04759999999999
3256,4541,1.509638799198543,0.9955274686797722,2.934000000000001,34.0068
3256,4908,1.9894268282635603,0.9989685541192534,0.35100000000000264,44.026700000000005
3256,5324,1.991975957660045,0.9999849880842635,1.1389999999999993,56.06169999999997
3391,4273,1.59837908573556,0.9999201093495237,0.15800000000000125,24.001299999999958
3417,4011,1.905220013205532,0.9962197127245862,0.0,15.994899999999973
3417,5052,1.8896824406502015,0.9997742468121641,0.45500000000000007,44.025499999999965
3417,5593,1.6745971414494294,0.9991474056445836,0.45399999999999974,60.02169999999995
3461,4062,1.74045550938797,0.9979544841310568,0.31799999999999784,16.031800000000032
3461,5918,1.840056483576601,0.9966993310925627,3.3000000000000007,70.04230000000001
3461,6350,1.7367357444456446,0.9968710484011096,2.0440000000000005,84.05740000000003
3464,5918,1.5065879272703628,0.9994327484026264,2.4639999999999986,70.04219999999998
3817,3911,1.7381814650151155,0.9499761440275539,0.0259999999999998,1.9793000000000234
3817,4394,1.712157075795917,0.9463726144457693,0.7639999999999993,15.01060000000001
3817,4803,1.8711616691341175,0.9458680563016216,0.1490000000000009,25.9794
3817,5028,1.7209762107326707,0.9447099363172539,0.4499999999999993,31.990200000000016
3818,3911,1.7708058168516172,0.8638590382304522,0.2630000000000017,1.9791999999999916
3818,4394,1.608187788736239,0.8564439129149797,0.47499999999999787,15.010499999999979
3818,4803,1.8706535184617623,0.8558866581279131,0.14000000000000057,25.979299999999967
3818,5028,1.766095577084807,0.8554260678222246,0.1609999999999978,31.990099999999984
3852,3942,1.5239548463431003,0.9991317496354836,0.945999999999998,2.0153000000000247
3852,4541,1.60395901213989,0.998312554694786,1.3960000000000008,18.011500000000012
3852,4908,1.9948013392689767,0.9995569299145866,1.1869999999999976,28.03140000000002
3859,4230,1.96937508962328,0.9992009472559593,0.495000000000001,9.984199999999987
3859,4316,1.9939559222572008,0.9978254761062718,0.03300000000000125,12.001800000000003
3859,4391,1.9965533556851216,0.9888143955709435,0.34199999999999875,14.016599999999983
3859,4908,1.976468160414204,0.999931048220183,1.0070000000000014,27.9957
3859,5393,1.9942674125586703,0.9627798156021993,0.754999999999999,42.04809999999998
3911,4803,1.630804847628072,0.9998710486926318,0.12300000000000111,24.000099999999975
3911,5028,1.552760456482892,0.9998333513131916,0.4239999999999995,30.010899999999992
3911,5894,1.6015442972159677,0.999871048692632,2.9139999999999997,57.02229999999997
3942,4541,1.83174190444907,0.996900922791878,2.3419999999999987,15.996199999999988
4011,5052,1.5893581703414563,0.9943505538540292,0.45500000000000007,28.030599999999993
4011,5593,1.9229020329309072,0.9963913336619147,0.45399999999999974,44.02679999999998
4062,4801,1.5887078948410185,0.9999847178292267,0.4720000000000013,20.026599999999974
4062,5151,1.5995283541877805,0.9987797459500272,0.8130000000000024,30.04589999999996
4062,6350,1.794540196057501,0.9995844564690739,2.3619999999999983,68.0256
4230,4316,1.981433892968658,0.999661731792693,0.46199999999999974,2.017600000000016
4230,4391,1.970325190110655,0.9938822608358662,0.8369999999999997,4.0323999999999955
4230,4908,1.9916875911189051,0.9995956956338751,0.5120000000000005,18.011500000000012
4230,5259,1.9957885870166328,0.9930884365306201,0.7020000000000017,28.031299999999987
4230,5261,1.9869567159409989,0.9994922962847033,0.8640000000000008,28.03309999999999
4230,5324,1.9739449467885497,0.9997932867044559,0.9780000000000015,30.04649999999998
4273,4801,1.7569517752385255,0.9999921666756735,0.04899999999999949,14.015600000000006
4316,4391,1.9976681372297136,0.9963664744525892,0.375,2.0147999999999797
4316,4908,1.9875276706243663,0.9985181316000348,0.9740000000000002,15.993899999999996
4316,5259,1.9696378151782907,0.9958032489377003,0.240000000000002,26.01369999999997
4316,5261,1.8423309711480813,0.9983276965683988,0.402000000000001,26.015499999999975
4316,5324,1.9983679546435509,0.999971976764209,0.5160000000000018,28.028899999999965
4316,5393,1.9973439143032443,0.9784564513909524,0.7880000000000003,30.046299999999974
4391,4908,1.979653152046084,0.9903973901240171,1.3490000000000002,13.979100000000017
4391,5259,1.954535175891189,0.999649887146842,0.134999999999998,23.998899999999992
4391,5261,1.99174709412184,0.9899793901905637,0.027000000000001023,24.000699999999995
4391,5324,1.998306990991014,0.9959218163404581,0.1410000000000018,26.014099999999985
4391,5393,1.998513171309281,0.9921569448880165,0.41300000000000026,28.031499999999994
4394,5894,1.8260903765779772,0.9999987431469591,3.6519999999999992,43.990999999999985
4803,6350,1.8271555669245156,0.9996274975586197,2.4480000000000004,47.98520000000002
4914,7912,1.8550172810658223,0.9978748968388325,5.003,97.97770000000003
4914,7913,1.827767122627962,0.9999933319067141,5.438000000000001,97.9801
5028,5151,1.576361524349474,0.9987951206368871,0.42600000000000193,3.994699999999966
5028,6062,1.667467189107044,0.8708591573219578,0.013999999999999346,32.02539999999999
5052,5593,1.8314905403267885,0.9990366878177285,0.001000000000000334,15.996199999999988
5052,6439,1.9198885798414511,0.994880837944737,0.4089999999999998,44.0274
5052,6942,1.6416447629273017,0.9873393237089286,0.40800000000000036,60.021600000000035
5259,5324,1.9635638079656808,0.9951972547116833,0.2759999999999998,2.015199999999993
5259,5393,1.9588011015167728,0.9931529430323798,0.5479999999999983,4.032600000000002
5259,6103,1.982680588831148,0.9982962456367911,0.26500000000000057,26.0163
5261,5324,1.9922313814333372,0.9986639407079286,0.11400000000000077,2.01339999999999
5261,5393,1.8451919472381249,0.964938883514891,0.38599999999999923,4.030799999999999
5261,6103,1.9681621735302064,0.9784765387768996,0.10300000000000153,26.014499999999998
5324,5393,1.996807385949059,0.9772129509833604,0.27199999999999847,2.017400000000009
5324,5951,1.871118872969915,0.9999599703097636,0.16499999999999915,20.02800000000002
5324,5952,1.984835066421124,0.9974659570793345,0.6640000000000015,20.0283
5324,6103,1.9501069157155524,0.9878049940812837,0.010999999999999233,24.001100000000008
5393,5951,1.8592092926639907,0.9762886377167947,0.10699999999999932,18.01060000000001
5393,5952,1.987550307586209,0.9596354042335541,0.9359999999999999,18.010899999999992
5393,6103,1.950377741012824,0.9982074465114159,0.2829999999999977,21.9837
5435,6350,1.5079130959195908,0.9997546337683404,2.4480000000000004,29.973600000000033
5593,6439,1.7023606940040503,0.9968657519801644,0.41000000000000014,28.031200000000013
5593,6942,1.9460407902164376,0.992772049691962,0.4090000000000007,44.02540000000005
5660,6593,1.5002932680948988,0.9999958762161378,0.006999999999999673,30.011500000000012
5918,6350,1.889509379271432,0.9999904843110696,1.2560000000000002,14.015100000000018
6224,6726,1.84241551112382,-0.32356252046349443,1.266,15.995499999999993
6224,7148,1.8291450080203824,0.08754989713183141,0.6939999999999991,30.010699999999986
6224,7149,1.828808906998622,0.9846751948904904,0.4609999999999985,30.010800000000017
6224,7151,1.8293729869341808,-0.2962508933706114,2.5730000000000004,30.010899999999992
6224,7153,1.8143255069894708,0.7300592355108564,0.4540000000000006,30.011000000000024
6439,6942,1.8663053975868105,0.9965893836545128,0.0009999999999994458,15.994200000000035
6541,6969,1.955807421154785,0.9999999999999997,0.354000000000001,14.015300000000025
6541,6970,1.936365955411791,1.0,2.099,14.015300000000025
6593,6726,1.607661838376934,0.9997591863787412,1.309000000000001,3.994799999999998
6593,7148,1.7038279145061646,-0.26795660280285777,3.269,18.00999999999999
6593,7149,1.7551364130995335,-0.34504069911155927,3.0359999999999996,18.010100000000023
6593,7151,1.7470512403721272,0.9999705466472526,0.002000000000000668,18.010199999999998
6593,7153,1.7329352457484513,0.3845749566496519,2.1210000000000004,18.01030000000003
6593,7496,1.6092379755380446,0.9997861797782253,0.4109999999999996,30.009400000000028
6593,7498,1.575216625426045,0.999780724140264,3.7070000000000007,30.009599999999978
6593,7500,1.5946863123918753,0.9999002873365003,4.048,30.00970000000001
6664,7081,1.9734096394088216,0.9992713284464444,0.9969999999999999,14.014700000000005
6664,8974,1.6736990141805304,0.9988839146229617,3.7059999999999995,85.08710000000002
6664,10042,1.687746043359858,0.7238509142540939,3.59,143.0953
6726,7083,1.605914451192148,0.9999602943006598,3.6899999999999995,12.00060000000002
6726,7148,1.954733395254184,-0.2626423959411578,1.959999999999999,14.015199999999993
6726,7149,1.9774861658544556,-0.3636153526259655,1.7269999999999985,14.015300000000025
6726,7151,1.978354905503654,0.9995618626636559,1.3070000000000004,14.0154
6726,7153,1.962036907502577,0.3642303548721335,0.8119999999999994,14.015500000000031
6726,9239,1.8774753146043976,0.3106788431768832,0.8259999999999987,93.97350000000006
7083,7496,1.8519343814320055,0.9999481865987485,5.41,14.01400000000001
7083,7498,1.8527725664539805,0.9998099386688456,1.2919999999999998,14.01419999999996
7083,7500,1.877387989932648,0.9998596824151934,0.9510000000000005,14.014299999999992
7148,7496,1.6178685540177855,-0.263011619634739,3.6799999999999997,11.999400000000037
7148,7498,1.6555126678015726,-0.2516222950110985,0.4380000000000006,11.999599999999987
7148,7500,1.665612166958931,-0.2649180241602133,0.7789999999999999,11.999700000000018
7148,7649,1.9389988138451868,-0.26621787023176174,3.276,17.02600000000001
7148,7870,1.8838718077899408,-0.2810728017992654,0.125,26.016500000000008
7148,9239,1.911777504603904,-0.33866890323929294,1.1340000000000003,79.95830000000007
7148,10621,1.9537353321120896,0.2815445063571401,0.23300000000000054,176.03090000000003
7149,7496,1.6720428618577086,-0.3625727950302198,3.446999999999999,11.999300000000005
7149,7498,1.7000971230121888,-0.35343865869609636,0.6710000000000012,11.999499999999955
7149,7500,1.7146455285094029,-0.35716130120217743,1.0120000000000005,11.999599999999987
7149,7649,1.976506852182024,-0.35344390719126284,3.0429999999999993,17.02589999999998
7149,7870,1.8854835748931544,-0.3322968138004744,0.35800000000000054,26.016399999999976
7149,8960,1.5049531600656203,-0.3709232258734647,2.064,68.06179999999995
7149,9239,1.955922422079426,0.6772662758295362,0.9009999999999998,79.95820000000003
7149,10621,1.9696939070693988,0.999746646864772,0.0,176.0308
7151,7496,1.656850570362244,0.9995985246412858,0.41300000000000026,11.99920000000003
7151,7498,1.6840762052343266,0.9996332688376222,3.705,11.99939999999998
7151,7500,1.6967254747738307,0.9997627360610686,4.045999999999999,11.999500000000012
7151,7649,1.971470534942176,0.9998503299028348,0.009000000000000341,17.025800000000004
7151,7870,1.8786957326387677,0.9998099412230357,3.3919999999999995,26.0163
7151,9239,1.9465034260417584,0.33865206178284496,2.132999999999999,79.95810000000006
7151,10621,1.969306793855504,-0.34303005483374566,3.033999999999999,176.03070000000002
7153,7496,1.6397467800604906,0.36541069466478193,2.532,11.999099999999999
7153,7498,1.6684821960850642,0.3693592048988338,1.5860000000000003,11.999299999999948
7153,7500,1.6847516793755828,0.371517366738341,1.9269999999999996,11.99939999999998
7153,7649,1.9601510172969836,0.3756929873475645,2.128,17.025699999999972
7153,7870,1.866236053947334,0.4022958057792354,1.2729999999999997,26.01619999999997
7153,8960,1.500309824882713,0.35592149584769023,1.149000000000001,68.06159999999994
7153,9239,1.9398827161921228,0.9983268865792762,0.013999999999999346,79.95800000000003
7153,10621,1.96221672070703,0.6338583939977693,0.9149999999999991,176.0306
7496,7870,1.7015574603661174,0.9990869177278769,3.8049999999999997,14.01709999999997
7496,7953,1.7533357000637595,0.9999481865987483,4.445,17.02669999999995
7496,7954,1.6135806111440203,0.9999481865987485,5.138999999999999,17.026999999999987
7496,8960,1.7738175332700956,0.9999481865987486,1.3829999999999991,56.06249999999994
7496,9375,1.8212302955125932,0.9992083444845523,4.282,75.03259999999995
7498,7870,1.738325886688639,0.9990445092995137,0.3130000000000006,14.016900000000021
7498,7953,1.7565855099470271,0.9998099386688455,0.32699999999999996,17.0265
7498,7954,1.6301599833153215,0.9998099386688457,1.020999999999999,17.026800000000037
7498,8960,1.7559052649149367,0.9998099386688458,2.735000000000001,56.06229999999999
7498,9375,1.840010290585397,0.9996580672438532,0.1639999999999997,75.0324
7500,7870,1.7439135075394572,0.9993298692125856,0.6539999999999999,14.01679999999999
7500,7953,1.761408574362244,0.9998596824151933,0.013999999999999346,17.026399999999967
7500,7954,1.6295094384779638,0.9998596824151933,0.6799999999999997,17.026700000000005
7500,8960,1.7718690960299723,0.9998596824151934,3.0760000000000005,56.06219999999996
7500,9375,1.832707368485212,0.9993073987169411,0.1769999999999996,75.03229999999996
7649,7953,1.5630140415379827,0.9997740884136989,4.041,12.000099999999975
7649,7954,1.5204451337316345,0.9997740884136991,4.734999999999999,12.000400000000013
7649,9079,1.759939500813235,0.4010454928702198,5.254999999999999,55.99040000000002
7649,9553,1.8682822794106173,0.3048156479036963,2.148999999999999,79.95590000000004
7649,9629,1.5302796896280992,0.9997357931526638,4.355,84.02250000000004
7649,10754,1.9404947756460031,-0.26621742693281497,3.2799999999999994,176.03449999999998
7649,10756,1.9430010413918857,-0.31789605892766326,2.7970000000000006,176.0349
7865,7917,1.750095429646495,0.9553365291116852,0.402000000000001,2.0143000000000484
7865,7918,1.7611850516342282,0.8489569836349852,0.7059999999999995,2.014499999999998
7865,8281,1.6612692498805526,0.9136554527511831,0.1670000000000016,15.993600000000015
7865,8282,1.6758976800964551,0.9227191695167,2.222999999999999,15.99369999999999
7865,8283,1.6649754904557137,0.9147397205642129,1.3039999999999985,15.993800000000078
7865,8285,1.677184484900624,0.9048453977099453,2.709999999999999,15.993800000000078
7865,8286,1.6623145106906168,0.9714958857412531,1.0030000000000001,15.993800000000078
7865,8287,1.6538650601507774,0.8981955936274254,3.9229999999999983,15.993900000000053
7865,8288,1.6665473404357989,0.8775185976382802,4.2219999999999995,15.994000000000028
7865,8659,1.7413447582283628,0.9311478046253836,0.8590000000000018,30.009599999999978
7865,8661,1.7553791987946883,0.8665301084331513,0.5620000000000012,30.00999999999999
7865,8996,1.7517325224295544,0.8769359868221407,1.4750000000000014,44.02610000000004
7865,8998,1.6730297169228656,0.8939794810299165,1.3210000000000015,44.02620000000002
7870,8960,1.5508780613067137,0.9986254445216821,2.4220000000000006,42.04539999999997
7917,8281,1.8190629489853416,0.7527429992975131,0.23499999999999943,13.979299999999967
7917,8282,1.850362877287118,0.767592931053719,2.625,13.979399999999941
7917,8283,1.8426140406431992,0.754483354578454,1.7059999999999995,13.97950000000003
7917,8285,1.8605429852453523,0.738623440167921,3.112,13.97950000000003
7917,8286,1.8349835647365835,0.8580591350881093,1.4050000000000011,13.97950000000003
7917,8287,1.8040765102238847,0.7284462620720074,4.324999999999999,13.979600000000005
7917,8288,1.8285835119678,0.696611601173791,4.6240000000000006,13.97969999999998
7917,8659,1.7977488154683965,0.7818117683435944,0.45700000000000074,27.99529999999993
7917,8661,1.82077942318793,0.6803269465762908,0.16000000000000014,27.995699999999943
7917,8996,1.837979168495248,0.6957405569507956,1.0730000000000004,42.011799999999994
7917,8998,1.6701777631622896,0.7216269002278634,0.9190000000000005,42.01189999999997
7918,8281,1.8281616243340104,0.5609003234591567,0.5389999999999979,13.979100000000017
7918,8282,1.8600026799496556,0.5796980791935897,2.9289999999999985,13.979199999999992
7918,8283,1.850616135787896,0.5631000946757739,2.009999999999998,13.97930000000008
7918,8285,1.8683804127306165,0.5433299311904926,3.4159999999999986,13.97930000000008
7918,8286,1.843699607666476,0.699499095396348,1.7089999999999996,13.97930000000008
7918,8287,1.8127167596613805,0.5311795897110981,4.628999999999998,13.979400000000055
7918,8288,1.8374350674277888,0.4916226324679484,4.927999999999999,13.97950000000003
7918,8659,1.80640396000018,0.5978410534941813,0.15300000000000225,27.99509999999998
7918,8661,1.8277833298416184,0.47194875266408737,0.14399999999999835,27.995499999999993
7918,8996,1.846775766894182,0.4906028462843942,0.7690000000000019,42.011600000000044
7918,8998,1.682192375853155,0.5222039488140379,0.615000000000002,42.01170000000002
7953,8312,1.7310184625071772,0.9999964171396286,0.2580000000000009,14.018000000000029
7953,8687,1.717601743766303,0.9735357436226483,0.4580000000000002,28.032699999999977
7953,9080,1.7230356260983457,0.9999986442849519,0.05400000000000027,44.02750000000003
7953,9375,1.6813458301475457,0.9989697296428981,0.16300000000000026,58.0059
7953,9628,1.737359522324855,0.9993466090239598,0.35299999999999976,72.02190000000007
7953,9814,1.513495285664539,0.9994798348591049,0.1769999999999996,84.02060000000006
7953,9973,1.5763328206120186,0.9907797162151152,0.6529999999999987,93.9719
7953,10095,1.69170472673704,0.9999994734677777,0.8030000000000008,100.05330000000004
7954,8312,1.9279065876093964,0.9999964171396291,0.952,14.01769999999999
7954,8687,1.5928660529772634,0.9735357436226483,1.1519999999999992,28.03239999999994
7954,9080,1.6185491933679623,0.9999986442849519,0.7479999999999993,44.02719999999999
7954,9375,1.5263802188397566,0.9989697296428981,0.8569999999999993,58.00559999999996
7954,9628,1.5928630632218757,0.9993466090239599,1.0469999999999988,72.02160000000003
7954,9814,1.8363584292833688,0.9994798348591049,0.5169999999999995,84.02030000000002
7954,9973,1.6913081918562851,0.9907797162151156,0.04100000000000037,93.97159999999997
7954,10095,1.537658903550641,0.9999994734677777,1.4969999999999999,100.053
8197,8665,1.986752714305777,0.9999239089802308,0.005999999999996675,18.01120000000003
8197,8666,1.870440886446877,0.9996448157831493,0.27099999999999724,18.01120000000003
8198,8665,1.9874819858621149,0.9993478706106443,0.2010000000000005,18.011099999999942
8198,8666,1.875983231692456,0.9995380672158185,0.06400000000000006,18.011099999999942
8199,8665,1.9849396242876696,0.9993297255216871,0.26500000000000057,18.008500000000026
8199,8666,1.8733093909570564,0.9995069422326701,0.0,18.008500000000026
8281,8659,1.9366121449638856,0.9989690271211839,0.6920000000000002,14.015999999999963
8281,8661,1.953209484830281,0.9945682702748486,0.3949999999999996,14.016399999999976
8281,8996,1.9980011554350072,0.9965400695071126,1.3079999999999998,28.032500000000027
8281,8997,1.8324525872089887,0.9996613381171406,0.911999999999999,28.032500000000027
8281,8998,1.973652049232561,0.9989131166515283,1.154,28.032600000000002
8282,8659,1.937702251150381,0.9997385544643003,3.0820000000000007,14.015899999999988
8282,8661,1.9536901684912655,0.9919624653404767,2.785,14.016300000000001
8282,8996,1.994899633246624,0.9944236988471885,3.6980000000000004,28.032400000000052
8282,8997,1.7994724435529963,0.9988527389846378,3.3019999999999996,28.032400000000052
8282,8998,1.9570820635079809,0.9976249246085507,3.5440000000000005,28.032500000000027
8283,8659,1.9382989460159208,0.9990833386675051,2.1630000000000003,14.0157999999999
8283,8661,1.955686329841324,0.9943160539754502,1.8659999999999997,14.016199999999913
8283,8996,1.9966623158921943,0.9963472772885885,2.779,28.032299999999964
8283,8997,1.808614815566592,0.9996155954833492,2.382999999999999,28.032299999999964
8283,8998,1.9631010757338423,0.9988123042883705,2.625,28.03239999999994
8285,8659,1.9429245953733976,0.9977518246043372,3.569000000000001,14.0157999999999
8285,8661,1.9607495940862885,0.9965564731081801,3.2720000000000002,14.016199999999913
8285,8996,1.9981878950324223,0.9981001506050341,4.1850000000000005,28.032299999999964
8285,8997,1.7907327507784627,0.9999772847137581,3.7889999999999997,28.032299999999964
8285,8998,1.9533669393472253,0.99967504667991,4.031000000000001,28.03239999999994
8286,8659,1.9411850270432256,0.9910465095745902,1.8620000000000019,14.0157999999999
8286,8661,1.9584828768216649,0.9601401296958787,1.5650000000000013,14.016199999999913
8286,8996,1.996725676983818,0.9658519524439606,2.4780000000000015,28.032299999999964
8286,8997,1.8168660283145472,0.9791980592104385,2.0820000000000007,28.032299999999964
8286,8998,1.9650677913249333,0.9747146023986826,2.3240000000000016,28.03239999999994
8287,8659,1.9415365142109744,0.9961892733315209,4.782,14.015699999999924
8287,8661,1.9587350370281285,0.997222264584941,4.484999999999999,14.016099999999938
8287,8996,1.9969713293285676,0.9985238639670406,5.398,28.03219999999999
8287,8997,1.8469576105218248,0.9994948061854587,5.001999999999999,28.03219999999999
8287,8998,1.9785205040399851,0.9994983803066285,5.244,28.032299999999964
8288,8659,1.9407743480064543,0.9919464194850388,5.081000000000001,14.01559999999995
8288,8661,1.9560904727887447,0.9997478941918296,4.784000000000001,14.015999999999963
8288,8996,1.998589742214075,0.9999955501733689,5.697000000000001,28.032100000000014
8288,8997,1.825729536504252,0.9984032725967621,5.301,28.032100000000014
8288,8998,1.9698322548634095,0.9993704461617798,5.543000000000001,28.03219999999999
8312,8687,1.984820948434825,0.9741326758693337,0.1999999999999993,14.014699999999948
8312,9080,1.9908114232791552,0.9999993875844082,0.20400000000000063,30.009500000000003
8312,9375,1.8574956410242964,0.999032039420724,0.09500000000000064,43.98789999999997
8312,9377,1.9506553512491285,0.999996417139629,0.15000000000000036,44.02629999999999
8312,9628,1.980179165336924,0.9993167775335233,0.09499999999999886,58.003900000000044
8312,9814,1.5434115090920053,0.999560982875934,0.4350000000000005,70.00260000000003
8312,9852,1.949582516440364,0.9999964171396285,0.25900000000000034,72.01930000000004
8312,9853,1.579352200942116,0.9999964171396291,0.33999999999999986,72.01969999999994
8312,9973,1.6053995240023435,0.9911321145570452,0.9109999999999996,79.95389999999998
8312,10043,1.8752001563233511,0.9993786897243401,0.5329999999999995,84.02149999999995
8312,10189,1.9893133634609743,0.9993841400550678,0.08199999999999896,93.97249999999997
8312,10288,1.988054366711061,0.9999149007258831,1.5679999999999996,100.05060000000003
8312,10289,1.984674976862288,0.9996366224835989,1.3089999999999993,100.0507
8632,8974,1.9262011177932152,0.9995825832200947,0.9090000000000007,14.013699999999972
8632,9296,1.7290299329303616,0.999754316339867,1.4320000000000004,28.028999999999996
8632,9815,1.694885199771625,0.9605966214969555,0.5170000000000012,58.00609999999995
8659,8996,1.9434018321213145,0.9917823221075083,0.6159999999999997,14.016500000000065
8659,8997,1.7755904993682117,0.9975126177480985,0.21999999999999886,14.016500000000065
8659,8998,1.9049652962486328,0.9958126579585265,0.46199999999999974,14.01660000000004
8661,8996,1.95913601099772,0.9997706719231856,0.9130000000000003,14.016100000000051
8661,8997,1.7783005900206117,0.996883228409685,0.5169999999999995,14.016100000000051
8661,8998,1.9173031862139216,0.9983218957297961,0.7590000000000003,14.016200000000026
8687,9080,1.9841277841086464,0.9739107386773304,0.4039999999999999,15.994800000000055
8687,9375,1.8582006451796893,0.9790517379529983,0.29499999999999993,29.97320000000002
8687,9377,1.945996415529631,0.9735357436226484,0.049999999999998934,30.011600000000044
8687,9628,1.9728695559280032,0.9714094440486659,0.10500000000000043,43.989200000000096
8687,9814,1.531567320407111,0.9803995817560585,0.6349999999999998,55.98790000000008
8687,9852,1.945892936469749,0.973535743622648,0.05900000000000105,58.004600000000096
8687,9853,1.5848190333513708,0.9735357436226483,0.5399999999999991,58.004999999999995
8687,10043,1.8728325779484831,0.9737110223772355,0.3330000000000002,70.0068
8687,10095,1.940346148033098,0.9734331994004636,0.34500000000000064,72.02060000000006
8687,10189,1.9839903450251803,0.9814605167796762,0.11800000000000033,79.95780000000002
8700,9194,1.6996858228463334,0.9999965540460645,1.064,20.028400000000033
8700,9258,1.9842237199861568,0.9956448088203095,0.0519999999999996,24.001700000000028
8700,9303,1.9878601252797865,0.9745640566374857,0.6960000000000015,26.016000000000076
8960,10288,1.7271272380424416,0.9999376827143055,1.2360000000000007,75.03280000000007
8960,10289,1.6990006101692572,0.9996848840578715,1.495000000000001,75.03290000000004
8974,9296,1.9293369871985684,0.9988055119766917,0.5229999999999997,14.015300000000025
8974,9815,1.8665329509955173,0.9663914162212677,0.39199999999999946,43.992399999999975
8976,9297,1.8414891384405048,0.9999921732474126,0.9669999999999987,14.015099999999961
8976,9814,1.526740026805891,0.9994798348591051,0.2580000000000009,43.98910000000001
8976,9853,1.5242378281535474,1.0,0.16300000000000026,46.00619999999992
9080,9375,1.860735708496036,0.9990153460914695,0.10899999999999999,13.978399999999965
9080,9377,1.950194300283382,0.9999986442849522,0.354000000000001,14.01679999999999
9080,9628,1.9769212690735336,0.9993345169883003,0.2989999999999995,27.99440000000004
9080,9814,1.5335383361871366,0.999531583966681,0.23099999999999987,39.99310000000003
9080,9852,1.9566273113584125,0.9999986442849521,0.46300000000000097,42.00980000000004
9080,9853,1.5811712042550092,0.9999986442849521,0.13599999999999923,42.01019999999994
9080,10095,1.9426184129642965,0.9999973825940459,0.7490000000000006,56.025800000000004
9080,10288,1.9851133872409308,0.999926897853819,1.7720000000000002,70.04110000000003
9080,10289,1.9823854027042216,0.9996615855020186,1.513,70.0412
9080,10355,1.9650497213740563,0.9999998752203819,1.745000000000001,76.0317
9103,9401,1.9691398244293965,0.9747848856462099,0.10300000000000153,14.016800000000103
9103,9402,1.9654178549092576,0.9747848856462096,0.40300000000000225,14.016900000000078
9103,9646,1.915689096963526,0.9747848856462099,0.41499999999999915,28.030900000000088
9103,9647,1.93262654144456,0.9757441707414334,0.10300000000000153,28.031000000000063
9103,9648,1.9343471017698872,0.97484401780363,0.6670000000000016,28.03150000000005
9103,11051,1.834845449196811,0.9761276108694655,0.010999999999999233,162.05290000000002
9239,9553,1.8901508147802124,0.9998127629302281,0.006999999999999673,17.023599999999988
9258,9303,1.875465218066956,0.9912077452465226,0.6440000000000019,2.0143000000000484
9296,9815,1.8786310293058488,0.9586014013814091,0.9149999999999991,29.97709999999995
9297,9554,1.98448131033016,0.9999882155268954,0.43700000000000117,14.018400000000042
9297,9852,1.5860849222038254,0.9999921732474126,0.5309999999999988,31.99070000000006
9297,10043,1.7050497935138684,0.9994384551243207,0.2569999999999997,43.99289999999996
9297,10465,1.5444139989779653,0.9879654100537903,1.741999999999999,75.03359999999998
9375,9628,1.84909811768077,0.9993857902807253,0.1899999999999995,14.016000000000076
9375,9852,1.829873401768044,0.9989697296428982,0.354000000000001,28.031400000000076
9375,10095,1.804181620756644,0.9989882315197337,0.6400000000000006,42.04740000000004
9375,10288,1.8636459862848376,0.9990436816479956,1.6630000000000003,56.06270000000006
9375,10289,1.860252261385312,0.9989090394922169,1.404,56.06280000000004
9377,9628,1.9388261035672163,0.9993466090239599,0.05500000000000149,13.977600000000052
9377,9629,1.5094886647040804,0.9999912838711631,0.7220000000000013,13.97810000000004
9377,9814,1.545440817944522,0.9994798348591051,0.5850000000000009,25.976300000000037
9377,9852,1.9294482857596,0.9999999999999999,0.10899999999999999,27.993000000000052
9377,9853,1.611745796765006,1.0,0.4900000000000002,27.99339999999995
9377,10043,1.8628240730810173,0.9993831333575541,0.3829999999999991,39.995199999999954
9377,10095,1.922731934989325,0.9999994734677781,0.3949999999999996,42.009000000000015
9377,10288,1.9473426442996316,0.9999376827143055,1.4179999999999993,56.02430000000004
9377,10289,1.9422320958129893,0.9996848840578715,1.158999999999999,56.024400000000014
9377,10590,1.6317638591862136,0.9998449675529825,2.3279999999999994,84.05719999999997
9401,9646,1.927503540984937,0.9999999999999999,0.3119999999999976,14.014099999999985
9401,9647,1.9563055568242824,0.9999897155726455,0.0,14.01419999999996
9401,9648,1.9327767260045168,0.999999961677987,0.5640000000000001,14.014699999999948
9402,9646,1.917169342950498,0.9999999999999997,0.011999999999996902,14.01400000000001
9402,9647,1.9407018942883747,0.9999897155726454,0.3000000000000007,14.014099999999985
9402,9648,1.922220278125155,0.9999999616779867,0.26399999999999935,14.014599999999973
9506,9571,1.9292408845134617,0.9997257793744716,0.7029999999999994,3.992900000000077
9513,9580,1.566008959399372,0.9999998433937914,0.6400000000000006,4.031900000000064
9554,10043,1.6410080916865186,0.9993580862260858,0.6940000000000008,29.97449999999992
9580,9875,1.9759104913911223,0.9999998433937911,0.0,17.027999999999906
9628,9814,1.524177051076253,0.998616492418309,0.5299999999999994,11.998699999999985
9628,9852,1.9383347701726423,0.9993466090239599,0.16400000000000148,14.0154
9628,9853,1.567033796817821,0.9993466090239601,0.4349999999999987,14.0157999999999
9628,10043,1.8606054108975187,0.999948896636243,0.4380000000000006,26.017599999999902
9628,10095,1.938227040302576,0.9993809864671753,0.45000000000000107,28.031399999999962
9628,10288,1.9706042127318597,0.9996233835371829,1.4730000000000008,42.04669999999999
9628,10289,1.9712814298371844,0.99975740029278,1.2140000000000004,42.04679999999996
9629,9852,1.5252044587812474,0.9999912838711632,0.8310000000000013,14.014900000000011
9629,9853,1.7401482872571514,0.9999912838711631,0.2320000000000011,14.015299999999911
9629,10091,1.6279612702487118,0.25151325223166054,0.14199999999999946,27.994299999999953
9629,10092,1.6118528845655404,0.16882999432797655,0.31099999999999994,27.994399999999928
9629,10095,1.5137465253864903,0.9999949211246085,1.1170000000000009,28.030899999999974
9629,10152,1.581284528582506,0.9999912838711631,0.9079999999999995,32.02649999999994
9814,9852,1.52115353404764,0.9994798348591049,0.6940000000000008,2.0167000000000144
9814,9853,1.6428661988880175,0.999479834859105,0.09500000000000064,2.017099999999914
9814,10043,1.8342588186375304,0.9989727699063933,0.968,14.018899999999917
9814,10288,1.5412612723381458,0.9992328757559876,2.003,30.048000000000002
9814,10289,1.5157811406283728,0.9987351174914941,1.7439999999999998,30.048099999999977
9852,10043,1.922748438797012,0.999383133357554,0.27399999999999913,12.002199999999903
9852,10095,1.923136299431134,0.9999994734677777,0.2859999999999996,14.015999999999963
9852,10288,1.9470642645036864,0.9999376827143054,1.3089999999999993,28.031299999999987
9852,10289,1.9415960468600404,0.9996848840578715,1.049999999999999,28.031399999999962
9852,10590,1.5816406781799288,0.9998449675529824,2.2189999999999994,56.064199999999914
9853,10091,1.5157421882676818,0.25286397605609373,0.37400000000000055,13.979000000000042
9853,10095,1.652885298792615,0.9999994734677782,0.8849999999999998,14.015600000000063
9853,10152,1.5355747989350002,1.0,1.1400000000000006,18.01120000000003
9853,10288,1.5670117028326285,0.9999376827143055,1.9079999999999995,28.030900000000088
9853,10289,1.5560638816810302,0.9996848840578715,1.6489999999999991,28.031000000000063
9853,10590,1.611245472853827,0.9998449675529827,2.8179999999999996,56.063800000000015
9973,10189,1.7075655023912508,0.9951835817929131,0.9929999999999986,14.018599999999992
10022,10465,1.7043633334088004,0.0009338020664988378,0.20399999999999885,31.990599999999972
10042,10091,1.7231753997045822,0.8517817290579154,1.875,1.9773999999999887
10042,10092,1.746143439249993,0.8045081714966095,2.0440000000000005,1.9774999999999636
10043,10095,1.8587052025089523,0.9994121126043405,0.012000000000000455,2.01380000000006
10043,10288,1.8725766456680413,0.9996059432191067,1.0350000000000001,16.029100000000085
10043,10289,1.8721664435370016,0.9996714006540419,0.7759999999999998,16.02920000000006
10091,10152,1.6004135839541764,0.25286397605609373,0.766,4.032199999999989
10092,10152,1.604666446599046,0.17020296965372014,0.5969999999999995,4.032100000000014
10095,10288,1.9388856897039155,0.9999464177205308,1.0229999999999997,14.015300000000025
10095,10289,1.936804691958216,0.9997040922602594,0.7639999999999993,14.0154
10095,10590,1.6266226809806423,0.9998365798467351,1.9329999999999998,42.04819999999995
10095,10649,1.5329520549989086,0.9999994734677777,2.865,50.000099999999975
10095,10697,1.659346575054112,0.9999994734677776,2.014999999999999,56.060100000000034
10152,10649,1.577234201024334,1.0,0.8399999999999999,46.00450000000001
10260,10438,1.990707717811314,0.9999979233998145,0.43599999999999994,14.016199999999913
10260,10465,1.6277777099377837,0.9878441141808029,1.1159999999999997,15.994899999999916
10288,10590,1.596361714974686,0.9998098188578225,0.9100000000000001,28.032899999999927
10288,10697,1.629215917995246,0.9999376827143053,0.9919999999999991,42.04480000000001
10289,10590,1.5751657796299776,0.9996226731879507,1.1690000000000005,28.032799999999952
10289,10697,1.609966262597156,0.9996848840578714,1.2509999999999994,42.044700000000034
10417,10590,1.880161960587686,0.9998449675529824,4.8370000000000015,17.029899999999998
10417,10672,1.8882477344462607,0.9999999999999997,3.3430000000000017,28.033900000000017
10418,10590,1.905935256582552,0.9998449675529824,0.0,17.026599999999917
10418,10672,1.8939909635287373,1.0,1.4939999999999998,28.030599999999936
10438,10465,1.6213515914163676,0.9879512996989525,1.5519999999999996,1.9787000000000035
10590,10697,1.9223001800672288,0.9998449675529825,0.08199999999999896,14.011900000000082
10621,10754,1.9338172721244509,0.28139105543950815,0.2370000000000001,17.02959999999996
10621,10756,1.960349294510831,0.9811644835117331,0.24599999999999866,17.029999999999973
10908,11163,1.981728851546452,0.9977163690168471,0.038000000000000256,44.026700000000005
11373,11393,1.6277787495779803,0.9985974435395111,0.6990000000000016,2.0187000000000808
11373,11476,1.8463135461007147,0.9962430816708401,0.0009999999999976694,17.026200000000017
11388,11402,1.6400695925383308,0.9997657322112956,0.4150000000000009,2.0149000000000115
11402,11564,1.7686677722537394,0.9996239152525215,0.18700000000000117,30.009500000000003
