id,rt,mz,Metabolite name,Adduct type,Post curation result,Fill %,MS/MS assigned,Reference RT,Reference m/z,Formula,Ontology,INCHIKEY,SMILES,Annotation tag (VS1.0),RT matched,m/z matched,MS/MS matched,Manually modified for quantification,Manually modified for annotation,Total score,RT similarity,Dot product,Reverse dot product,Fragment presence %,S/N average,Spectrum reference file name,MS1 isotopic spectrum,MS/MS spectrum,sample_KN,sample_KX,sample_MEOH3,sample_SJ,sample_SJ_N,sample_SJ_X,matched_parent_mz,delta_Da
710,8.991,148.03914,w/o MS2:Isatin,[M+Na]+,found in higher mz's MsMs_4998; found in higher mz's MsMs_6335; similar chromatogram in higher mz_6405; similar chromatogram in higher mz_7384; similar chromatogram in higher mz_5861; adduct linked to 3782_[2M+NH4]+,0.333,True,,148.03931,C8H5NO2,Indolines,JXDYKVIHCLTXOP-UHFFFAOYSA-N,C1=CC=C2C(=C1)C(=O)C(=O)N2,530,True,True,False,False,False,76.9,,,,,20.27,KN,148.03914:5273932 149.04249:840199 150.04585:500049,53.03927:8166 55.67119:2855 65.03919:19999 71.92972:3008 77.03948:2572 78.01829:5724 79.05451:3261 91.05466:21169 92.04995:58464 93.03423:3351 93.07084:2509 95.04923:37344 97.00699:3904 103.05481:5685 105.04459:6793 105.07018:16086 107.0852:4530 107.95109:3885 111.04425:4358 119.04963:4224 119.0854:12162 120.04504:90408 120.08118:5012 121.0289:22094 121.039:5551 121.04784:5360 123.96394:4031 125.96023:3726 130.0285:9779 130.08618:4833 130.96581:2850 131.08527:2984 146.02351:6459 147.04459:6871 147.05473:7282 147.08011:11165 147.11732:7933 148.03883:223640 148.07584:12088 148.09692:17764 148.1106:5260,5273932,574123,425650,363847,2649063,486042,,
711,6.98,148.03918,Unknown (carbon number 8); PlaSMA ID-201,[M+H]+,,0.333,True,3.15,148.0403,C8H5NO2,Unknown,,,430,True,True,True,False,False,82.9,99.9,58.4,86.2,100.0,12.0,KN,148.03918:3538798 149.04253:647494 150.04589:811703,55.01873:3360 57.03425:2844 60.08156:3232 65.03905:34248 71.9303:3733 75.02711:23932 79.05451:11385 84.04505:3361 87.11209:2733 89.94025:4961 91.05443:17719 92.04985:12091 93.03416:12535 93.06998:11132 95.04919:3297 97.00789:7359 100.07616:11624 103.05481:4269 105.07011:11605 107.08624:7888 107.95108:8059 111.0444:36235 119.04962:7391 119.08536:6442 120.04497:583474 121.02868:17777 121.04026:4659 121.04762:22104 121.06426:3304 121.1009:5113 123.96393:4988 125.96157:9606 128.95113:6440 130.0285:5164 130.96721:6318 131.08527:6739 146.96176:4522 147.04459:11464 147.05473:19301 147.08009:7998 148.03882:102551 148.08665:3324 148.09692:14321 148.11229:9568,3538798,880934,480730,481940,1645746,770577,,
716,8.863,148.07539,w/o MS2:3-Methyloxyindole,[M+H]+,found in higher mz's MsMs_1864; found in higher mz's MsMs_1361,0.333,True,1.092,148.0757,C9H9NO,Indolines,BBZCPUCZKLTAJQ-UHFFFAOYSA-N,OC1=NC=2C=CC=CC2C1C,530,True,True,False,False,False,73.8,99.7,,,,99.94,SJ_X,148.07539:36423984 149.07874:5350597 150.0821:1043171,51.02352:9087 53.03937:18946 65.03924:46787 77.03898:15388 79.05467:64728 80.04984:11086 91.0548:162961 93.03441:15332 93.07016:341149 94.07359:13985 95.04944:119374 102.04654:10088 103.05501:1588806 104.05727:83203 105.04479:22120 105.07031:487238 106.07322:29966 107.04968:11853 111.04446:16095 118.06563:40806 119.07327:24990 120.08141:3049990 121.02787:89024 121.03924:20524 121.0645:12622 121.0847:152944 123.96418:7322 130.06531:143374 131.04849:40522 131.06845:8501 144.08054:17952 147.04318:11256 148.03925:29385 148.07497:76524 148.09549:13595,322148,13714249,198467,134594,239542,36423984,,
1074,1.216,164.06696,w/o MS2:Clozapine (Clozaril),[M+H]+,,0.167,True,,164.073,C18H19ClN4,Dibenzodiazepines,QZUDBNBUXVUHMW-UHFFFAOYSA-N,N1C2=C(C(=NC3=C1C=CC(=C3)Cl)N4CCN(CC4)C)C=CC=C2,530,True,True,False,False,False,83.3,,,,,432.58,SJ,164.06696:48388840 165.07031:9260217 166.07367:10219973,58.99842:149397 68.98285:31249 73.02874:54936 74.03207:53621 77.00882:54370 82.01418:1897623 83.01471:181589 85.844:16539 86.99361:38651 100.0251:7430825 101.00853:159888 101.02563:799013 102.02891:32235 105.00392:36886 107.28742:15287 110.0086:26265 118.03517:3942288 119.01914:622788 119.03681:387322 123.04004:1385142 124.02436:42593 124.04141:139363 128.0191:137138 136.04547:491184 137.02991:134345 137.04716:40382 141.05058:880186 142.03453:541365 142.05273:108643 146.0304:565858 147.02454:78234 159.06049:160930 160.04491:126772 164.04086:167560 164.06738:89351,874043,668256,285948,48388840,1147421,542233,,
1081,1.216,165.05096,w/o MS2:trans-4-Coumaric acid,[M+H]+,,0.167,True,4.008,165.05463,C9H8O3,Hydroxycinnamic acids,NGSWKAQJJWESNS-ZZXKWVIFSA-N,OC(=O)\C=C\C1=CC=C(O)C=C1,530,True,True,False,False,False,65.8,100.0,,,,124.58,SJ,165.05096:18828654 166.05431:10184935 167.05767:3080142,58.99842:65052 59.99915:16316 60.99601:11746 70.06582:8973 75.0334:7827 77.00882:22544 82.01416:497561 83.01456:102632 84.01154:76017 86.99361:17297 91.05479:8250 100.02506:2458978 101.00852:101446 101.02559:596518 102.02211:420930 105.00392:18420 110.00969:12744 114.03996:8489 118.03518:1262967 119.01912:466440 119.03688:312558 120.02034:40744 120.0327:215198 121.06445:8273 123.04002:531949 123.95496:9043 124.02447:34170 124.04117:133555 124.08725:11156 125.03755:81827 128.01897:40809 129.0208:8837 132.05006:8411 136.04549:163808 137.03:124929 137.04106:53097 138.04279:36106 141.05057:344002 142.03461:362540 142.05252:94241 142.9668:18700 143.03651:31415 143.04788:51456 146.0304:158760 147.02452:57856 148.02637:48678 159.06078:46088 160.04514:91645 161.04614:11039 164.04073:38640 164.06676:59476 165.04993:68216,202467,342900,375400,18828654,288871,448560,,
1084,2.413,165.0545,Unknown (carbon number 9); PlaSMA ID-339,[M+H-NH3]+,found in higher mz's MsMs_6531; found in higher mz's MsMs_1523,0.167,True,1.62,165.05521,C9H11NO3,Unknown,,,430,True,True,True,False,False,87.0,100.0,80.8,83.1,75.0,265.17,SJ,165.0545:57774968 166.05785:6028279 167.06121:399713,53.03931:72000 65.03919:31911 67.05464:26024 77.03897:43174 81.07013:30046 91.05481:612066 92.05755:28101 93.07014:46109 95.04934:2868974 96.05285:107855 103.055:155459 105.04473:73161 107.04966:16176 109.06497:136432 119.04978:1794640 120.05213:110031 121.06443:90556 123.0439:4128176 124.04792:187485 137.05945:69090 142.96683:20157 147.04475:676133 148.04762:38476 165.05396:178333,300962,285890,279923,57774968,253712,320853,,
1085,6.291,165.05457,w/o MS2:trans-4-Coumaric acid,[M+H]+,found in higher mz's MsMs_1524; found in higher mz's MsMs_2235,0.167,True,4.008,165.05463,C9H8O3,Hydroxycinnamic acids,NGSWKAQJJWESNS-ZZXKWVIFSA-N,OC(=O)\C=C\C1=CC=C(O)C=C1,530,True,True,False,False,False,70.5,100.0,,,,6.01,SJ_X,165.05457:2374900 166.05792:606517 167.06128:380558,53.03938:8280 63.90861:4337 65.03922:12978 66.03439:4827 67.05519:4853 70.06586:8162 73.02885:44412 74.03211:14661 75.03327:38046 76.03636:3914 79.05468:5723 80.04985:3963 81.07016:10636 83.06096:9933 91.05483:523123 92.05756:69192 93.07012:86072 94.07361:12530 95.04936:154316 95.08632:4829 103.05397:68209 104.05839:11247 105.04481:10331 105.07034:3985 107.04972:34775 107.0612:30236 108.04498:7994 109.06498:19389 109.10066:4927 116.00176:5017 116.0717:11470 118.06563:18822 118.07536:10231 119.04978:241673 119.08562:9540 120.05253:35200 120.08135:100386 121.06445:379113 122.06852:67904 123.04389:155696 124.08734:26291 136.07552:174967 137.0594:12014 137.07913:28837 137.09595:7366 138.05388:4571 138.69604:4243 142.52534:9364 142.96687:12099 146.06004:17929 147.04453:35044 148.08698:15652 164.07062:40021 164.10696:4427 165.01785:4501 165.05405:6782 165.09026:4379 165.1144:8706 165.12646:6458,140624,1001729,203250,182781,273649,2374900,,
1086,2.734,165.05463,Unknown (carbon number 9); PlaSMA ID-339,[M+H-NH3]+,found in higher mz's MsMs_6530; found in higher mz's MsMs_2579; found in higher mz's MsMs_1525,0.333,True,1.62,165.05521,C9H11NO3,Unknown,,,430,True,True,True,False,False,87.0,100.0,81.0,82.7,75.0,359.7,SJ_X,165.05453:133380656 166.05788:13141568 167.06124:636838,53.03929:137729 65.03922:66371 67.05519:32908 73.02879:33903 77.03912:135967 81.07086:37154 91.05479:1429479 92.05759:33121 93.07018:100240 95.04936:5745436 96.05266:175755 103.05403:333658 104.05839:46425 105.04442:161231 109.06518:276606 118.06442:34044 119.04982:3757372 120.05267:149699 121.06443:201993 123.04393:8304480 124.04794:238668 137.0592:149361 147.04314:1245063 148.04768:49276 165.05405:381446,479618,155489648,342346,620269,353935,133380656,,
1087,8.673,165.05466,w/o MS2:Vanillic acid (not validated),[M+H]+,found in higher mz's MsMs_4115,0.167,True,3.84,165.0551,C9H10O4,Methoxyphenols,QRMZSPFSDQBLIX-UHFFFAOYSA-N,O=C(O)CC1=CC=C(O)C(OC)=C1,530,True,True,False,False,False,74.3,99.9,,,,5.75,SJ_N,165.05466:3819939 166.05801:500204 167.06137:233178,55.01835:3131 58.48149:2190 60.57526:2314 65.54943:2446 66.03425:4005 67.05455:12133 67.54669:2062 70.06571:7708 73.02881:32767 74.03222:12650 75.03322:24443 79.05452:5770 81.03401:4499 81.06999:9425 83.06079:9502 83.93045:3465 91.0547:31532 93.06999:7264 95.0492:8356 95.08612:9105 101.00254:2461 103.05382:6521 104.05716:3783 105.07012:7433 107.04948:3052 107.06113:40627 107.0852:2848 108.04476:4606 109.06478:5915 109.10167:15585 113.35114:2920 116.07027:6924 118.07512:7665 119.04964:6912 119.08553:28606 120.08118:5323 120.47147:2527 121.06427:5159 121.10091:4239 122.07227:5655 123.04408:31084 123.07996:2927 124.08691:16991 132.05273:7312 137.05911:7385 137.0957:30544 142.96675:21144 147.0446:8477 147.08003:16217 148.08636:23678 153.37154:2968 164.07872:9029 165.05383:79392 165.08994:93893 165.11404:9167 165.12814:5187,168376,165141,186311,133470,3819939,216227,,
1088,8.784,165.0547,trans-4-Coumaric acid,[M+H]+,found in higher mz's MsMs_3160,0.333,True,4.01,165.05463,C9H8O3,Hydroxycinnamic acids,NGSWKAQJJWESNS-UHFFFAOYSA-N,O=C(O)C=CC1=CC=C(O)C=C1,430,True,True,True,False,False,89.9,99.9,75.6,91.2,100.0,6.7,KN,165.0547:5210958 166.05805:845828 167.06141:415217,55.01873:3887 65.03931:12571 66.03475:5650 67.05513:13163 70.0657:9182 73.02909:31590 74.03255:7574 75.03303:30111 79.0545:4814 81.07067:7941 83.05001:4197 83.06077:10886 83.93044:7265 91.05459:185283 92.05822:4203 93.07083:6597 95.04941:13654 95.0861:4743 100.0249:3606 103.0548:5250 105.07011:6519 107.04947:6358 107.06097:31262 108.04474:5280 109.06476:4700 109.10141:14458 116.07025:6863 117.07044:4059 118.0751:9294 119.04955:335073 119.08538:30576 120.05222:15002 120.08116:6159 121.06425:5534 122.07225:8390 123.04438:12428 123.08123:5906 124.08706:21797 134.97415:3052 137.0591:6327 137.09558:30924 142.96661:25828 147.04454:564164 147.08009:11976 148.04758:26271 148.08688:31740 163.03917:3607 164.0704:19820 164.1066:3423 165.05368:11688 165.08989:116580 165.11403:10070 165.1261:5527,5210958,193356,158392,197120,4593562,336755,,
1089,6.533,165.06422,w/o MS2:Ricinine,[M+H]+,found in higher mz's MsMs_2513,0.167,True,2.725,165.0659,C8H8N2O2,3-pyridinecarbonitriles,PETSAYFQSGAEQY-UHFFFAOYSA-N,CN1C=CC(=C(C1=O)C#N)OC,530,True,True,False,False,False,68.3,99.9,,,,6.07,KN,165.06422:4610135 166.06757:1545175 167.07093:590897,58.26621:2609 66.03425:2647 67.05453:5220 70.06571:2987 73.02878:28799 74.03195:11641 75.03325:25023 79.05452:4118 80.04968:3212 81.07068:5466 83.06078:6556 83.93045:8954 91.05465:11885 93.06999:4022 95.04832:8297 95.08612:5057 96.05542:3012 101.94085:3563 105.07012:5702 107.04948:6198 107.06005:21738 108.04369:6072 109.06478:3010 109.10043:4371 110.0347:3644 116.07027:7088 118.07512:9839 119.08537:8258 120.04291:18136 120.08118:8652 121.05037:3134 121.06553:6529 122.05948:5025 123.04241:4107 123.08125:3195 124.08715:16205 130.89192:2606 137.05911:6604 138.71432:2417 142.96664:31980 147.05305:3458 147.08011:6816 147.09195:3442 148.03712:3724 148.08688:14270 164.05672:12331 164.07066:8951 164.10663:3456 165.0638:158706 165.09192:10972 165.11404:10055,4610135,404615,393613,419280,1928082,421717,,
1090,3.7,165.06567,w/o MS2:Ricinine,[M+H]+,,0.333,True,2.725,165.0659,C8H8N2O2,3-pyridinecarbonitriles,PETSAYFQSGAEQY-UHFFFAOYSA-N,CN1C=CC(=C(C1=O)C#N)OC,530,True,True,False,False,False,68.8,100.0,,,,3.71,SJ_X,165.06567:1646606 166.06902:0 167.07238:695606,55.93499:2079 57.07035:2677 59.04939:2199 60.3178:2067 60.33691:2369 67.05468:7473 68.4025:2162 69.03401:2547 70.06588:7451 70.48096:2325 72.93774:2590 73.02883:42247 74.03223:12907 75.0333:33265 76.03638:2961 79.0547:3814 80.04987:2985 81.07018:7318 90.94784:3150 91.055:12943 93.0702:6719 95.04942:9791 95.08634:3563 100.73856:2681 103.03918:6595 103.05406:3362 105.07037:5960 107.04973:2937 107.06023:5529 108.04501:5805 109.10177:5523 110.06014:3106 116.07054:10596 118.07539:11638 118.96742:3970 119.04991:4048 119.08564:11274 120.04403:5379 120.08146:11011 121.06455:5767 123.04399:9308 123.08024:2978 124.08736:10570 137.05943:9952 137.07008:6120 137.09596:7936 142.96725:12720 147.04494:3753 147.05508:5403 147.08044:6464 148.06308:2914 148.08701:2581 150.04291:12399 164.04514:3966 164.07104:3510 165.06004:9615 165.06609:53274 165.09029:6111 165.12852:4687,958551,1562372,188795,62731,379978,1646606,,
1096,15.383,165.09071,Phenethylacetate,[M+H]+,similar chromatogram in higher mz_3545; similar chromatogram in higher mz_3998; similar chromatogram in higher mz_12018; found in higher mz's MsMs_4062,0.333,True,1.022,165.091,C10H12O2,Benzene and substituted derivatives,MDHYEMXUFSJLGV-UHFFFAOYSA-N,O=C(OCCC=1C=CC=CC1)C,430,True,True,True,False,False,80.0,99.0,64.3,74.4,78.6,31.8,KX,165.09071:13915472 166.09406:3555278 167.09742:1425358,53.03939:3658 55.05488:10004 59.06101:8686 66.03457:20956 67.05482:61360 70.06587:8719 73.0289:42427 74.03244:14721 75.03287:32746 79.0547:9880 80.04987:3053 81.07039:20426 83.04949:13024 83.06109:28696 83.92992:8088 91.05498:23500 93.0702:9393 95.04942:10092 95.08546:8994 100.02515:4012 101.94108:3730 105.07036:3860 107.04868:8944 107.06033:137209 108.045:6049 108.06311:6548 109.06503:4607 109.10183:56649 116.07054:9271 118.07539:8129 119.08574:48755 120.08036:36206 121.06454:6605 122.07265:38730 123.05564:6191 123.08024:5031 124.0874:86774 125.07106:3341 137.05943:6730 137.09601:148152 138.10007:5854 142.96672:37229 147.08044:5519 148.08698:72569 149.09018:2952 164.08109:5423 164.10501:4219 165.06816:15060 165.09032:371098 165.11063:40437,1133071,13915472,495104,316732,818008,11874486,,
1097,13.43,165.09077,w/o MS2:Eugenol,[M+H]+,found in higher mz's MsMs_2155,0.167,True,,165.091,C10H12O2,Methoxyphenols,RRAFCDWBNXTKKO-UHFFFAOYSA-N,C=CCc(c1)cc(OC)c(O)c1,530,True,True,False,False,False,65.2,,,,,25.9,SJ,165.09077:5912055 166.09412:1904344 167.09748:230556,53.95777:2073 59.06099:6732 65.76803:2457 66.0344:19272 67.05466:4096 67.7669:2311 73.02878:6004 73.28929:2342 74.91338:2565 75.03343:5593 79.05467:2860 81.14496:2388 83.06086:25326 83.92989:7852 85.94596:2564 91.05483:6689 91.46988:2552 97.76271:2305 103.05403:5004 105.07033:9034 105.90461:2441 107.06028:110561 108.0439:2442 109.06499:4557 109.0758:2855 116.0705:3906 117.45725:2807 119.0856:6738 119.9505:3808 120.08146:16883 123.0802:3165 124.08729:76581 125.07102:3755 131.04996:2668 132.05299:5359 133.0647:2814 137.05939:4736 142.96689:31053 147.0804:3767 148.08687:53874 149.09013:4789 152.49123:2727 164.07904:3902 165.09023:8746 165.11426:26876,608693,522908,586269,5912055,587816,861756,,
1098,9.935,165.09082,Phenethylacetate,[M+H]+,found in higher mz's MsMs_6876; found in higher mz's MsMs_6430; found in higher mz's MsMs_3150; found in higher mz's MsMs_3133,0.167,True,1.022,165.091,C10H12O2,Benzene and substituted derivatives,MDHYEMXUFSJLGV-UHFFFAOYSA-N,O=C(OCCC=1C=CC=CC1)C,430,True,True,True,False,False,80.3,99.6,57.9,81.8,85.7,4.0,KN,165.09082:4391126 166.09417:1131344 167.09753:1334843,55.05514:3627 55.6704:2154 63.94483:2229 65.03908:2495 66.03425:7662 66.14992:2507 67.05513:20415 69.03385:2986 70.06571:6856 73.02924:24009 74.03195:7554 75.03321:24121 79.05451:10176 81.07075:13877 82.71013:2438 83.05002:5277 83.06093:13008 83.93045:5391 89.45527:2208 91.05463:27307 93.06999:8253 93.92389:2831 95.04392:2483 95.0492:6027 95.08612:11782 101.09886:2514 103.05481:2699 105.07011:20901 107.04948:6291 107.06111:47205 107.0852:5068 108.04475:5220 109.06478:4469 109.07558:3641 109.10135:20300 116.07145:6172 117.07046:3628 118.06538:3996 118.07511:7344 119.08537:42370 119.9515:3723 120.08126:13500 120.22106:2611 121.06426:5495 121.10091:5432 122.07226:7291 123.04371:3449 123.05536:3183 123.0803:12404 124.08718:31237 136.07535:5819 137.06064:5882 137.09557:51556 138.09975:4348 142.96649:25582 147.08011:11894 148.08632:24649 164.07079:16211 165.09177:76988 165.11404:11385 165.12813:8061,4391126,752223,608859,350256,2772574,618330,,
1099,11.242,165.09084,Phenethylacetate,[M+H]+,found in higher mz's MsMs_1563,0.333,True,1.022,165.091,C10H12O2,Benzene and substituted derivatives,MDHYEMXUFSJLGV-UHFFFAOYSA-N,O=C(OCCC=1C=CC=CC1)C,430,True,True,True,False,False,81.5,99.5,65.8,75.2,85.7,12.38,SJ_N,165.09084:13175930 166.09419:2515192 167.09755:1374209,53.03927:3933 55.05474:12064 65.03907:8301 66.03476:6397 67.05515:166183 68.05814:4853 69.03439:6144 69.0703:4043 70.06571:4260 73.02868:26465 74.03195:11229 75.03318:24315 79.05458:20265 81.07006:53057 83.06078:10656 83.93045:6603 91.05471:42367 93.0701:47766 95.04929:163849 95.08617:39373 96.05273:5498 100.02491:3033 101.94084:2587 105.07027:13738 107.04947:5281 107.06113:51224 107.08547:19141 108.04475:2973 109.06495:13274 109.10157:139861 110.10478:9271 111.04424:8166 114.21206:2895 116.07026:8221 117.06925:5083 118.0751:5584 119.08549:57605 120.08117:10182 121.10134:15223 123.0437:3689 123.07995:6682 124.08713:42547 129.07063:4067 132.05705:3803 137.06062:7242 137.09567:290894 138.09978:18144 142.96655:21771 147.08023:38767 148.08659:26815 149.18655:2737 165.06776:3297 165.08997:70611 165.11269:13348,4748712,632787,540500,382029,13175930,999049,,
1100,10.253,165.09084,w/o MS2:Phenethylacetate,[M+NH4]+,adduct linked to 4538_[2M+H]+,0.333,True,1.022,165.091,C10H12O2,Benzene and substituted derivatives,MDHYEMXUFSJLGV-UHFFFAOYSA-N,O=C(OCCC=1C=CC=CC1)C,530,True,True,False,False,False,79.2,99.6,,,,6.92,KN,165.09084:8190083 166.09419:2051890 167.09755:1755925,53.03926:6806 55.01835:8939 55.0548:13805 57.03425:3002 65.03907:3372 66.03425:8666 67.05505:39847 69.03384:5975 70.06571:6603 73.02871:32952 74.03195:6377 75.03316:19022 79.05457:48901 80.05035:3577 80.05851:3550 80.06258:11851 81.034:6805 81.07011:26061 83.06076:16193 83.92972:6456 91.05469:175212 92.05822:9398 93.07:66188 94.0734:3372 95.04932:32913 95.08625:36374 97.065:10446 103.05491:13277 104.06218:7082 105.04458:7265 105.07027:70513 107.04959:18547 107.06099:45330 107.08519:5554 108.04474:6174 109.06477:6586 109.10155:36747 111.04424:2865 116.07026:5137 117.06935:30045 118.0751:4551 119.0854:258643 119.95149:3083 120.07992:8266 120.08865:12099 121.06425:4151 121.10066:13995 123.04369:8334 123.05534:3324 123.07996:30403 124.08736:32501 129.06924:5521 132.05704:6338 133.6823:2690 137.05911:4009 137.09563:75388 138.09975:4107 142.96652:21186 147.08006:76320 148.08659:29822 164.06866:3313 164.10461:3435 165.09006:49418 165.11377:14821,8190083,713632,614063,403427,3568718,638805,,
1101,11.767,165.09085,Phenethylacetate,[M+H]+,found in higher mz's MsMs_6877; found in higher mz's MsMs_6431; found in higher mz's MsMs_5888; found in higher mz's MsMs_3993; found in higher mz's MsMs_3151,0.333,True,1.022,165.091,C10H12O2,Benzene and substituted derivatives,MDHYEMXUFSJLGV-UHFFFAOYSA-N,O=C(OCCC=1C=CC=CC1)C,430,True,True,True,False,False,81.9,99.4,64.6,78.8,85.7,14.52,SJ_N,165.09087:6806780 166.09422:1787177 167.09758:928557,55.05514:2527 57.66398:2269 59.0613:2518 66.0343:14452 67.05512:25464 70.06571:4381 73.02873:24215 74.03195:8214 75.03319:28017 76.22014:2316 77.82065:2455 77.96668:2453 79.05452:7018 81.0701:13009 83.0493:5409 83.06093:13787 83.93045:10269 89.39192:2464 91.05479:38624 93.06999:7413 95.0492:6479 95.08612:4983 103.05481:4272 105.07012:6295 107.04948:7561 107.06117:57203 109.06478:3247 109.10167:23795 116.07027:6341 117.06926:6571 118.07512:7330 119.08535:49419 119.95026:6327 120.08118:7872 121.06553:4637 122.07229:15550 123.05536:3719 124.03858:3063 124.08708:39653 129.06926:3089 137.05911:6460 137.09579:55822 142.96667:28629 147.08005:43327 147.11732:5390 148.08673:43643 164.0827:4379 165.0919:140868 165.11223:12506,14484605,967230,580699,713184,6806780,828260,,
1102,9.448,165.09085,w/o MS2:Phenethylacetate,[M+H]+,,0.167,True,1.022,165.091,C10H12O2,Benzene and substituted derivatives,MDHYEMXUFSJLGV-UHFFFAOYSA-N,O=C(OCCC=1C=CC=CC1)C,530,True,True,False,False,False,75.7,99.6,,,,6.94,KN,165.09085:6020671 166.0942:1449225 167.09756:897424,53.03927:6558 55.01874:7137 55.05475:7917 57.03425:2678 66.03425:11121 67.05503:21767 70.06571:6022 71.04984:3815 72.04498:6220 73.02931:30330 74.03255:7792 75.03335:20257 76.03619:2832 79.05452:44299 80.06258:8259 81.034:4200 81.07074:27859 83.04929:5337 83.06078:7626 83.93045:4532 88.56256:2549 91.05467:132588 92.05823:2825 93.06994:57161 94.0734:3133 95.04923:25526 95.08631:18416 97.065:10071 99.04459:4882 100.15976:2682 103.05481:6096 105.0456:3508 105.0701:57962 106.0741:4946 107.04962:33335 107.06094:49474 108.04475:5603 109.06477:7561 109.1015:10458 111.79597:2961 116.07145:6369 117.07023:24520 118.07511:8708 119.04962:4568 119.08538:223071 119.95149:3826 120.05746:3374 120.08117:7359 120.08866:8895 121.06563:13043 121.1009:8041 123.04367:29034 123.07992:32553 124.08715:28811 129.07063:4687 132.05705:7012 137.05911:7768 137.09544:19372 142.96637:21769 147.08005:63002 147.11732:3289 148.08672:27892 165.09172:31713 165.11369:12468,6020671,723286,600340,419911,2962620,617503,,
1103,8.249,165.09087,w/o MS2:Phenethylacetate,[M+H]+,,0.167,True,1.022,165.091,C10H12O2,Benzene and substituted derivatives,MDHYEMXUFSJLGV-UHFFFAOYSA-N,O=C(OCCC=1C=CC=CC1)C,530,True,True,False,False,False,77.8,99.7,,,,2.83,KN,165.09087:2512438 166.09422:1347597 167.09758:626730,57.74171:2479 61.56457:2202 66.03425:6422 67.05505:11509 70.06571:5550 73.02887:23997 74.03263:12040 75.03328:26967 79.05452:5192 81.07068:7875 83.06079:6006 83.93045:6221 86.8068:2635 91.05475:22412 93.06999:5226 95.0492:3842 95.08612:3093 101.94085:3398 105.07012:5221 107.04948:3340 107.06111:33220 108.04476:3518 109.06478:3662 109.10151:9618 112.40378:2796 116.07027:8409 118.07512:7535 119.08543:22515 119.59846:2709 119.95151:3631 120.04375:3599 120.08118:10297 121.06427:4757 122.07227:6266 123.07996:3758 124.08721:32003 137.05911:4110 137.09554:24237 138.05513:3925 142.96658:24954 147.08011:10449 147.11734:2925 148.08659:12568 149.96376:2438 165.06778:4077 165.0899:80021 165.11349:13333 165.12611:5066,2512438,728752,688254,502952,1280058,648625,,
1104,11.384,165.09088,w/o MS2:Phenethylacetate,[M+H]+,found in higher mz's MsMs_1561,0.167,True,1.022,165.091,C10H12O2,Benzene and substituted derivatives,MDHYEMXUFSJLGV-UHFFFAOYSA-N,O=C(OCCC=1C=CC=CC1)C,530,True,True,False,False,False,74.0,99.5,,,,6.34,KN,165.09088:6429112 166.09423:1851055 167.09759:974196,55.01835:6563 55.05513:3020 66.03425:8832 67.05462:30841 67.06285:2672 69.03384:3891 70.06571:5468 73.02874:24000 74.03255:7735 75.03313:22159 76.02174:4014 79.05443:16949 81.034:3961 81.07087:13427 83.06078:12488 83.92972:7300 85.94578:3493 91.05473:155779 92.05823:6861 93.06998:22198 95.04919:12011 95.08619:14414 101.94084:4467 103.05481:3008 105.03335:5994 105.07022:32687 107.04999:12949 107.0611:72414 108.04475:4044 109.06477:7356 109.1015:8665 116.07026:7665 117.07004:14224 118.06537:2919 118.07511:8194 119.08545:215159 119.95025:4646 120.08117:7846 120.08866:12128 121.06426:7484 121.1009:3151 122.0275:3433 123.07995:8542 124.08724:41940 129.06924:9841 137.05911:6097 137.09573:65640 138.05511:3604 138.09975:5698 142.9666:30189 147.08015:94613 147.11563:4851 148.08681:39138 164.0807:3146 165.0899:37982 165.11404:14578,6429112,680312,575997,740932,6296684,804019,,
1105,8.693,165.0909,Phenethylacetate,[M+H]+,found in higher mz's MsMs_2534,0.167,True,1.022,165.091,C10H12O2,Benzene and substituted derivatives,MDHYEMXUFSJLGV-UHFFFAOYSA-N,O=C(OCCC=1C=CC=CC1)C,430,True,True,True,False,False,84.3,99.7,72.1,78.4,85.7,9.29,KN,165.0909:7574082 166.09425:1704054 167.09761:758938,53.03927:3530 55.05513:4247 57.03425:3089 65.03908:3696 66.03425:8328 67.05516:25311 70.06571:4328 73.02877:25137 74.03195:7802 75.03328:21040 79.05451:10580 80.04968:3221 81.034:9119 81.07084:13899 83.05001:4660 83.06078:9907 83.93045:7357 85.94578:3053 91.05475:57178 93.06998:8065 95.04919:5943 95.08615:12101 103.05481:8106 104.06219:4297 105.07011:4975 107.04947:4625 107.06113:40564 108.04475:4154 109.06477:4244 109.10161:27596 116.07026:6261 117.06925:11790 118.07511:9881 119.08547:65953 119.95025:3335 120.08117:13957 121.06426:8080 122.0726:21923 123.08053:12545 124.08722:28291 125.71659:2936 137.05911:7128 137.09573:91963 138.09975:3392 142.96667:23729 147.08028:33609 148.08693:27607 164.10661:3178 165.0899:324875 165.11404:10681,7574082,595330,666642,397228,2875554,583573,,
1106,9.796,165.0909,Phenethylacetate,[M+H]+,found in higher mz's MsMs_8820; found in higher mz's MsMs_4064,0.333,True,1.022,165.091,C10H12O2,Benzene and substituted derivatives,MDHYEMXUFSJLGV-UHFFFAOYSA-N,O=C(OCCC=1C=CC=CC1)C,430,True,True,True,False,False,82.4,99.6,64.5,81.3,85.7,8.31,SJ_N,165.09087:4815592 166.09422:1313826 167.09758:878224,53.58933:2000 55.01835:2655 55.05475:5502 56.6114:2477 63.40852:2282 66.03425:9314 67.05466:22511 69.03385:3312 70.06571:7309 70.98117:2368 73.0287:28986 74.03256:8402 75.03318:25732 79.05452:4771 80.04968:3004 81.07062:13209 83.06079:7230 83.93045:8575 85.15711:2410 91.05463:22934 93.06999:10527 95.0492:10296 95.08612:6249 96.04471:2503 105.07012:8449 107.04948:5469 107.06107:49527 107.0852:5993 109.06478:5064 109.10144:28538 116.07027:5132 117.07046:3925 118.07512:9544 119.08539:33728 120.08118:13590 121.06427:4236 121.10091:3978 122.0725:13336 123.04371:5034 123.07996:7598 124.0871:32218 130.22981:3249 136.07536:3125 137.05911:6151 137.09558:49197 142.96672:23034 147.08011:7344 148.08672:32873 164.0807:5678 165.05371:4658 165.0919:119668 165.11269:12648 165.12814:6674,8991080,779539,664449,396843,4815592,522193,,
1107,5.883,165.10197,w/o MS2:Fenuron,[M+H]+,found in higher mz's MsMs_4953,0.167,True,4.9,165.1022,C9H12N2O,Benzene and substituted derivatives,XXOYNJXVWVNOOJ-UHFFFAOYSA-N,O=C(Nc1ccccc1)N(C)C,530,True,True,False,False,False,67.3,100.0,,,,8.49,KN,165.10197:2007732 166.10532:728423 167.10868:884865,55.97138:2355 66.03425:3162 67.05505:4406 70.06571:6967 73.02872:24421 74.03196:5061 75.0332:21885 80.04969:6362 81.06999:8823 83.06079:6703 83.93046:10170 85.94579:2628 91.05465:8193 92.61865:2358 95.0492:3216 95.06062:2709 95.08612:4236 105.07012:2674 107.04948:4689 107.06113:19569 108.04476:7470 109.07666:6117 109.10152:4203 116.07027:5603 118.06539:2586 118.07512:7439 119.04964:2486 119.08537:8370 120.08118:10974 121.06427:6102 124.08693:16312 137.05911:5688 137.09566:5129 140.03442:2643 142.96658:35392 146.05869:2905 147.08012:3550 147.09027:3735 148.08684:15326 153.35173:2561 164.08072:3441 164.10464:2907 165.09796:11042,2007732,189408,178481,117352,440324,126988,,
1108,3.561,165.10199,"w/o MS2:Pesticide3_Fenuron_C9H12N2O_Urea, N,N-dimethyl-N'-phenyl-",[M+H]+,found in higher mz's MsMs_2585,0.167,True,,165.10201,C9H12N2O,Benzene and substituted derivatives,XXOYNJXVWVNOOJ-UHFFFAOYSA-N,CN(C)C(=O)NC1=CC=CC=C1,530,True,True,False,False,False,74.1,,,,,9.23,SJ_N,165.10199:5997751 166.10534:954401 167.1087:688118,61.70821:2207 67.05453:5469 70.06572:5643 73.02876:26915 74.03196:9657 75.03316:21046 76.03683:2773 79.05452:4228 80.04969:3783 81.07069:6249 83.92973:10082 91.05465:10135 93.07084:3370 95.05008:4578 95.08612:3004 96.42431:2680 101.94085:4094 105.07013:6290 107.04948:4294 107.05999:4163 108.04476:10742 109.07666:3089 109.10152:4122 110.05989:3206 115.6233:2596 116.07146:6094 117.07046:3325 118.07512:7562 119.08537:11008 120.08118:10980 120.56934:2648 121.06553:5848 123.04371:2921 124.08744:12307 133.07608:5319 134.08324:13798 137.05913:8819 137.09566:5938 142.96672:27965 147.08675:8725 147.09183:38657 147.11734:2916 158.87605:2448 165.06578:3407 165.10197:121068 165.12411:5375,254063,189106,170495,71164,5997751,210723,,
1109,18.824,165.11324,w/o MS2:Triethylene glycol monomethyl ether,[M+H]+,found in higher mz's MsMs_5335; adduct linked to 5531_[2M+H]+,0.667,True,1.425,165.11211,C7H16O4,Polyethylene glycols,JLGLQAWTXXGVEM-UHFFFAOYSA-N,COCCOCCOCCO,530,True,True,False,False,False,99.4,98.5,,,,16.59,SJ_X,165.11324:15712728 166.11659:1722896 167.11995:3789776,59.06104:21403 66.03439:91615 67.05466:10022 70.03194:3254 73.02878:11785 74.0321:3765 75.03343:11273 81.07085:12193 83.06096:131347 84.04522:7712 91.05483:4573 93.07017:4430 95.08631:9499 98.98406:7413 107.06022:574873 108.06424:19084 109.10173:9004 120.08162:14766 122.10577:4686 123.07891:4064 124.0873:366848 124.99147:5202 124.99916:31004 125.07102:11376 125.09092:7667 137.09592:4125 142.96686:12384 148.08694:347488 149.09013:11384 164.10695:3576 165.07011:13044 165.1124:182036,15531246,15003868,17849058,17398292,13910733,15712728,,
1110,19.068,165.11337,w/o MS2:Triethylene glycol monomethyl ether,[M+H]+,found in higher mz's MsMs_4077; found in higher mz's MsMs_4623,0.333,True,1.425,165.11211,C7H16O4,Polyethylene glycols,JLGLQAWTXXGVEM-UHFFFAOYSA-N,COCCOCCOCCO,530,True,True,False,False,False,99.2,98.5,,,,23.69,SJ,165.11337:18611736 166.11672:1315926 167.12008:551022,59.06095:37120 64.8095:3491 66.03436:116081 67.03799:5285 81.07014:5380 83.06091:209416 83.93061:6905 84.04528:26273 84.06421:4601 90.92312:5419 107.06119:563919 108.06416:28790 120.0814:13666 122.07121:5056 123.07888:9962 123.09183:10813 124.08724:806952 125.0711:33614 125.09113:22821 140.88715:3478 142.96684:15430 148.08687:379408 149.07112:7863 149.09013:26537 164.07901:3617 165.11424:225574,9365465,16516458,16628985,18611736,12875124,14585840,,
1111,18.587,165.1134,w/o MS2:Triethylene glycol monomethyl ether,[M+H]+,found in higher mz's MsMs_4961,0.333,True,1.425,165.11211,C7H16O4,Polyethylene glycols,JLGLQAWTXXGVEM-UHFFFAOYSA-N,COCCOCCOCCO,530,True,True,False,False,False,99.2,98.5,,,,14.7,KX,165.1134:12283226 166.11675:1293399 167.12011:527834,59.06111:15553 66.03442:84135 67.05468:4466 73.02872:22270 74.03212:9037 75.03324:16391 80.04986:2895 81.07017:5355 83.06097:105515 83.92991:6246 84.04524:5845 86.09655:8431 91.05486:4916 95.04941:3276 95.08545:3084 98.98412:27773 105.07036:3374 107.06029:466693 108.045:4523 108.06417:10949 109.06502:3253 116.07053:6884 118.07538:3597 119.08563:5977 120.08051:17184 121.06454:3566 123.08023:4228 124.03886:3251 124.08739:256127 124.99954:84507 125.07105:8359 125.09095:4718 133.49518:2869 137.05943:3228 142.9668:16246 148.08705:282081 149.0712:3915 149.09053:13688 165.05408:6213 165.09029:6715 165.11255:135432,11449481,12283226,15452420,15403830,10388312,10689384,,
1113,9.941,165.12712,w/o MS2:Unknown (carbon number 11); PlaSMA ID-343,[M+H]+,found in higher mz's MsMs_2258,0.167,True,6.4,165.1279,C11H16O,Unknown,,,530,True,True,False,False,False,69.3,99.9,,,,4.58,SJ_N,165.12712:3365964 166.13047:771034 167.13383:342200,52.58251:2390 55.01874:3641 55.05475:8106 66.03425:9972 67.05505:22488 69.03385:4845 69.0703:10116 70.06571:4066 71.04984:3949 71.06518:2338 73.02866:18916 74.03256:5213 75.03328:18735 76.88005:2353 79.05463:13571 81.07009:36916 82.07396:3502 83.05002:3790 83.06078:9768 83.93045:6653 84.908:2440 85.06552:6172 85.94579:2963 91.05454:25345 93.07015:36201 94.07341:2850 94.76773:2806 95.04919:11203 95.08607:22869 97.065:2824 103.05481:6010 104.05817:9676 105.07016:48270 106.07307:3439 107.06108:47071 107.08631:47897 108.04475:3279 108.06393:2956 109.06472:27034 109.07666:3344 109.10151:9911 116.07027:3728 118.0739:3135 119.04963:6280 119.08535:36593 120.08138:13336 121.06553:5821 121.10098:37177 122.07226:3646 123.04375:22071 123.07988:24391 123.11752:10373 124.08705:37591 132.05273:9607 136.07535:6028 137.05911:10193 137.09575:25248 142.9669:22583 145.10088:2730 147.04459:4576 147.08011:7045 147.11719:39161 148.08655:34092 148.11914:2849 164.06866:6085 165.05392:43292 165.09001:31366 165.11203:14646 165.12813:63312,563022,248588,279507,173524,3365964,263240,,
