ID,m/z
1,100.0761
2,100.0761
4,101.09657
9,103.0507
14,103.05448
15,103.05449
16,103.05454
17,104.05309
18,104.05322
24,104.10721
27,105.03383
28,105.07032
31,106.08646
32,106.08647
33,106.08648
35,106.08671
41,107.04943
42,107.0496
51,109.07631
57,109.10144
60,110.00909
63,110.02012
66,110.02016
67,110.02034
68,110.02037
69,110.0204
71,111.00805
74,111.05546
76,111.09194
78,112.05077
82,112.05083
89,112.96713
91,113.03466
95,113.9638
98,113.96382
105,114.0663
107,114.09143
111,114.09168
125,116.07071
126,116.07071
127,116.07075
128,116.07076
129,116.07078
130,116.07078
131,116.07078
132,116.07079
133,116.07079
134,116.07079
135,116.0708
136,116.0708
137,116.07081
146,117.07005
149,118.06538
150,118.08629
152,118.08631
153,118.08631
154,119.0492
155,119.04928
158,119.08561
161,119.08564
163,120.02562
165,120.04461
166,120.04462
167,120.04463
169,120.0657
170,120.08075
171,120.08077
172,120.08082
173,120.08112
175,121.02845
177,121.06483
178,121.06484
179,121.06485
180,121.06487
181,121.06487
184,121.07625
188,121.10137
191,121.10146
198,122.07122
199,122.09651
202,123.04031
204,123.04395
205,123.04419
206,123.0442
207,123.04421
209,123.04429
211,123.0553
212,123.05531
218,123.1168
228,124.03942
229,124.08692
230,124.08695
231,124.08699
232,124.087
233,124.08701
235,124.08702
241,125.07106
242,125.09032
243,125.09621
247,125.10753
252,126.02217
253,126.05503
256,126.06642
257,126.06648
259,126.09134
260,126.09135
261,126.09136
262,126.10273
263,127.03888
264,127.03913
265,127.03916
266,127.0392
267,127.05014
268,127.05039
272,127.12313
275,128.01938
284,128.10713
286,128.10715
291,129.01834
296,129.06604
303,130.04985
304,130.04985
306,130.05009
307,130.06496
308,130.06499
309,130.06499
310,130.06499
311,130.06499
312,130.065
313,130.06503
314,130.06506
315,130.06506
317,130.08612
318,130.08635
319,130.08636
320,130.08644
322,130.12273
323,130.12273
324,130.15898
328,130.97739
330,131.04889
332,131.04919
338,131.04922
340,131.04929
346,131.08562
353,132.07674
358,132.0808
359,132.10185
360,132.1019
362,132.10197
364,132.10199
369,133.03183
371,133.03197
373,133.06094
392,134.08099
393,134.08109
435,136.04814
443,136.07556
444,136.07564
445,136.07565
450,137.04567
451,137.04578
453,137.04579
454,137.05943
455,137.05943
456,137.05946
457,137.05946
458,137.05965
459,137.05966
460,137.05969
461,137.05969
462,137.05971
463,137.05972
464,137.05972
465,137.05972
466,137.05972
467,137.05974
468,137.05975
469,137.05978
470,137.0598
471,137.05981
472,137.05981
473,137.05981
474,137.07085
475,137.07088
477,137.09596
479,137.10741
480,137.10741
483,137.13242
486,137.13255
489,138.05235
490,138.0547
498,138.09125
499,138.09125
500,138.09125
502,138.12785
513,139.08653
519,139.98763
520,139.98766
521,139.98784
522,139.98788
523,139.98792
528,140.06813
533,141.00027
534,141.00027
535,141.00031
536,141.0005
537,141.00069
538,141.00069
539,141.05096
548,141.9586
552,141.95869
561,142.06506
565,142.08621
575,143.07278
585,143.11781
587,143.11783
593,144.04413
594,144.04782
597,144.06535
598,144.06537
599,144.06537
601,144.06544
605,144.08057
606,144.08063
607,144.08063
608,144.08066
609,144.08067
610,144.0809
611,144.10182
614,144.17448
617,145.04932
620,145.06464
621,145.06464
622,145.06467
623,145.06467
628,145.06474
636,145.10121
637,145.10121
640,145.10123
643,145.13358
647,146.0296
648,146.05981
651,146.05983
653,146.05984
654,146.05988
658,146.05991
659,146.05991
662,146.06017
665,146.08116
669,146.09212
670,146.09213
671,146.09241
676,146.16534
679,147.02875
681,147.04398
682,147.04398
684,147.04411
685,147.04414
686,147.05513
688,147.07648
689,147.08005
690,147.08009
692,147.08035
695,147.08044
696,147.08047
699,147.09151
700,147.11299
701,147.11674
702,147.11684
705,147.11685
710,148.03914
711,148.03918
716,148.07539
719,148.13319
721,149.02319
722,149.02319
723,149.02327
724,149.02332
725,149.02332
726,149.02332
727,149.02333
728,149.02335
729,149.05949
730,149.05962
731,149.05984
732,149.05986
734,149.09579
735,149.09579
737,149.13232
743,150.0137
745,150.05479
746,150.05804
747,150.05814
748,150.05818
749,150.07739
750,150.07741
751,150.07744
752,150.09137
754,150.11229
757,151.0351
759,151.06122
760,151.06123
761,151.06126
762,151.06126
763,151.06126
764,151.07506
765,151.07513
767,151.07515
768,151.07516
769,151.07516
770,151.07516
772,151.0752
773,151.0752
775,151.07527
776,151.07529
777,151.07529
778,151.0753
779,151.07532
780,151.07533
783,151.09795
784,151.11142
786,151.11177
787,151.11182
792,151.12289
795,151.14404
802,152.0564
804,152.05685
806,152.06187
807,152.07031
808,152.07068
813,153.04045
821,153.06567
822,153.06575
830,153.10211
833,153.12712
834,153.12715
835,153.12715
841,153.12749
842,153.12753
843,153.12756
846,153.12758
848,153.99329
849,154.04961
850,154.05867
851,154.061
855,154.09727
856,154.09727
857,154.98985
858,154.98987
859,154.98988
860,154.9899
861,154.98991
862,154.98993
863,154.98994
864,154.98997
865,154.98997
866,154.99001
867,154.99001
868,154.99001
869,154.99001
870,154.99025
871,154.99031
891,156.04201
893,156.07655
919,158.02676
920,158.02676
921,158.02711
922,158.02713
923,158.02715
924,158.02716
927,158.11752
930,158.1176
934,158.15395
941,159.06493
943,159.06503
944,159.06505
945,159.06506
946,159.06508
947,159.06511
948,159.06512
950,159.06514
952,159.09167
954,159.0918
978,160.07542
979,160.07545
987,160.09689
993,160.1329
1011,162.07584
1012,162.07585
1013,162.07591
1014,162.07591
1015,162.07594
1016,162.07594
1017,162.07594
1018,162.07597
1019,162.07597
1020,162.07597
1021,162.07597
1022,162.07599
1023,162.07602
1024,162.11218
1028,163.03848
1030,163.075
1036,163.07506
1040,163.0751
1051,163.07907
1062,163.13297
1074,164.06696
1081,165.05096
1084,165.0545
1085,165.05457
1086,165.05463
1087,165.05466
1088,165.0547
1089,165.06422
1090,165.06567
1096,165.09071
1097,165.09077
1098,165.09082
1099,165.09084
1100,165.09084
1101,165.09085
1102,165.09085
1103,165.09087
1104,165.09088
1105,165.0909
1106,165.0909
1107,165.10197
1108,165.10199
1109,165.11324
1110,165.11337
1111,165.1134
1113,165.12712
1115,166.04736
1117,166.05338
1118,166.05342
1120,166.07237
1121,166.07237
1122,166.07239
1123,166.0724
1124,166.08594
1125,166.08595
1126,166.08601
1127,166.08604
1128,166.08611
1132,166.1227
1135,167.01283
1136,167.01288
1137,167.02153
1140,167.0699
1143,167.07011
1144,167.07011
1145,167.07027
1146,167.0703
1147,167.07339
1149,167.09241
1152,167.10654
1153,167.10654
1154,167.10654
1155,167.10654
1156,167.10655
1157,167.10657
1158,167.10658
1159,167.10661
1160,167.10663
1161,167.10663
1163,167.10667
1164,167.10667
1166,167.118
1167,167.11801
1170,168.06522
1174,168.08078
1178,168.10217
1179,168.11298
1180,168.11298
1181,168.12267
1183,168.5648
1184,169.00642
1185,169.03548
1188,169.05435
1189,169.05838
1190,169.07571
1193,169.08557
1194,169.08565
1195,169.09711
1201,169.12193
1203,169.12204
1207,169.12209
1209,169.12209
1212,169.12215
1216,169.12245
1219,169.15845
1220,169.97681
1221,169.97684
1223,169.97717
1225,169.97729
1226,169.97733
1229,170.03242
1231,170.05972
1232,170.05975
1233,170.05981
1234,170.05984
1235,170.05984
1236,170.05989
1237,170.05989
1238,170.05989
1242,170.09644
1246,171.01636
1247,171.06494
1253,171.11253
1255,171.14877
1256,171.14896
1258,171.14925
1259,171.14925
1267,172.09648
1268,172.09691
1276,172.95609
1283,172.97713
1294,173.09592
1296,173.09624
1298,173.11697
1299,173.12827
1304,173.13261
1309,174.05492
1311,174.05495
1312,174.05502
1314,174.09477
1315,174.11211
1316,174.11263
1317,174.11263
1318,174.12367
1319,174.12367
1320,174.1237
1328,175.02351
1329,175.04771
1330,175.04771
1331,175.07137
1334,175.07864
1335,175.08635
1337,175.10759
1338,175.10767
1339,175.1077
1340,175.11139
1342,175.11157
1343,175.11159
1344,175.1116
1345,175.1116
1346,175.1116
1347,175.1116
1348,175.11162
1349,175.11163
1350,175.11163
1351,175.11909
1352,175.14767
1353,175.14784
1356,176.05525
1357,176.07031
1358,176.07034
1361,176.07071
1363,176.08293
1366,176.12787
1370,177.05428
1373,177.05464
1375,177.09055
1376,177.09061
1377,177.09062
1380,177.09094
1381,177.09094
1382,177.09094
1383,177.09096
1385,177.09097
1386,177.09097
1387,177.09097
1388,177.09097
1389,177.09097
1390,177.09097
1391,177.09097
1392,177.09099
1393,177.09099
1396,177.09114
1398,177.09116
1405,177.1273
1412,177.57019
1415,178.04994
1416,178.05315
1417,178.0583
1418,178.0612
1419,178.08632
1421,178.10722
1422,178.10727
1424,178.10739
1431,179.06981
1433,179.06985
1435,179.07011
1436,179.07014
1437,179.07014
1438,179.07014
1440,179.07016
1445,179.07024
1448,179.07025
1457,179.08553
1459,179.10623
1460,179.1066
1467,180.06535
1468,180.07253
1470,180.08078
1471,180.0863
1472,180.08769
1473,180.08771
1474,180.08772
1476,180.10149
1477,180.10152
1478,180.10178
1481,180.10197
1484,180.13821
1485,180.17461
1491,181.01422
1494,181.0648
1495,181.08574
1497,181.08582
1498,181.08583
1499,181.08591
1500,181.08592
1501,181.08595
1502,181.09691
1503,181.09695
1506,181.10844
1507,181.10844
1510,181.12224
1511,181.12224
1513,181.12225
1517,181.96167
1523,182.08122
1524,182.08131
1525,182.08138
1529,182.1904
1530,182.9621
1531,182.98476
1533,182.98482
1535,182.98511
1537,182.98512
1538,182.98512
1539,182.98514
1540,182.98515
1541,182.9852
1542,182.98521
1544,182.98524
1545,182.98524
1546,182.98524
1547,182.98528
1548,182.98528
1553,183.06497
1554,183.07777
1558,183.10147
1560,183.10156
1561,183.10159
1563,183.10159
1571,183.13802
1576,184.0724
1577,184.07246
1579,184.07257
1581,184.07323
1582,184.07573
1583,184.09415
1584,184.09653
1597,185.032
1600,185.08064
1604,185.11691
1606,185.11702
1607,185.11703
1608,185.11703
1611,185.11739
1612,185.11739
1613,185.11742
1616,185.12843
1619,185.13257
1623,186.00974
1624,186.05487
1627,186.08749
1629,186.09106
1633,186.11221
1634,186.11272
1636,186.95592
1637,186.95592
1638,186.95595
1639,186.95598
1640,186.95599
1643,186.98093
1645,187.05653
1647,187.07118
1651,187.08632
1655,187.10742
1656,187.11133
1660,187.13232
1661,187.13249
1662,187.13252
1665,187.13293
1670,187.18056
1672,188.05527
1673,188.0705
1674,188.07053
1675,188.07059
1676,188.0706
1678,188.07066
1679,188.07066
1680,188.07069
1681,188.07071
1683,188.09132
1685,188.09142
1689,188.09184
1690,188.09186
1692,188.09207
1697,188.16431
1698,188.17537
1699,188.17537
1701,188.20094
1707,189.08688
1710,189.09102
1712,189.09106
1715,189.09113
1716,189.09418
1718,189.09424
1722,189.12305
1724,189.12311
1726,189.1235
1727,189.12355
1730,189.12727
1732,189.12753
1733,189.12755
1734,189.13458
1735,189.1483
1740,189.16389
1742,190.04939
1744,190.04959
1745,190.04968
1747,190.07069
1748,190.08609
1749,190.09752
1752,190.10725
1758,191.04044
1760,191.05482
1761,191.06995
1763,191.10225
1764,191.10625
1767,191.10629
1768,191.10629
1769,191.10629
1771,191.10631
1773,191.10663
1774,191.10664
1776,191.10666
1777,191.10667
1778,191.10667
1779,191.10667
1780,191.1067
1781,191.1067
1782,191.10672
1785,191.10689
1786,191.1069
1787,191.12756
1788,191.14262
1790,191.14307
1791,191.14323
1792,192.0321
1793,192.03275
1794,192.05533
1795,192.06161
1803,192.10489
1804,192.10547
1806,192.13809
1813,193.03406
1821,193.08582
1826,193.0862
1832,193.08629
1837,193.10146
1840,193.12209
1841,193.12212
1842,193.12212
1846,193.12213
1851,193.1225
1855,193.15443
1864,194.08113
1865,194.08134
1871,194.10384
1877,194.15388
1932,196.16949
1933,196.16969
1934,196.16972
1956,198.08508
1961,198.18478
1964,198.18484
1974,199.14421
1976,199.18817
1979,200.04066
1987,200.12799
1988,200.12807
1989,200.16438
1992,200.20049
1996,201.03258
2003,201.10208
2004,201.10217
2009,201.12363
2013,201.15968
2025,201.16376
2026,201.16376
2028,201.1638
2032,202.08598
2034,202.10716
2035,202.11844
2037,202.12573
2038,202.14336
2039,202.14337
2040,202.14339
2045,202.21629
2047,202.95094
2049,203.0526
2053,203.10246
2054,203.10255
2056,203.10666
2057,203.10965
2060,203.12746
2061,203.1275
2062,203.13896
2063,203.13911
2064,203.14268
2065,203.15021
2066,203.15051
2067,203.17903
2068,203.17937
2069,203.17941
2070,203.17943
2071,203.17943
2072,203.17944
2074,203.17944
2075,203.17947
2076,203.17949
2078,203.22289
2080,204.08669
2082,204.09789
2092,205.08572
2095,205.09695
2096,205.09698
2098,205.09714
2112,205.19502
2113,205.19505
2114,205.19508
2115,205.19511
2116,205.19511
2120,206.04482
2121,206.08051
2122,206.10185
2123,206.10194
2124,206.10197
2125,206.10197
2128,206.10213
2129,206.10213
2130,206.10217
2131,206.10229
2132,206.10234
2134,206.11769
2135,206.12051
2145,207.06508
2147,207.10126
2148,207.10126
2154,207.10175
2155,207.10181
2160,207.11243
2162,207.11652
2166,207.13782
2168,207.13783
2178,208.0692
2182,208.09686
2185,208.09889
2191,208.97253
2196,209.05595
2197,209.06293
2198,209.06305
2199,209.08046
2201,209.08092
2202,209.09187
2204,209.09251
2205,209.09576
2206,209.09592
2207,209.09593
2208,209.10173
2209,209.11687
2211,209.11697
2212,209.11699
2213,209.117
2214,209.117
2215,209.11703
2216,209.11703
2217,209.11705
2218,209.11707
2219,209.11707
2220,209.12851
2222,209.13243
2225,209.15343
2226,209.15347
2227,209.15355
2228,209.15355
2230,209.15404
2231,209.18985
2234,210.0605
2235,210.07582
2237,210.11205
2240,210.14893
2244,210.94327
2250,211.10756
2252,211.11111
2254,211.11868
2255,211.11868
2258,211.13245
2259,211.13245
2260,211.13248
2261,211.13301
2262,211.13313
2267,211.16882
2293,213.12306
2298,213.127
2300,213.12703
2310,214.089
2311,214.08919
2312,214.08923
2313,214.08925
2314,214.08926
2315,214.08929
2316,214.08929
2317,214.0898
2341,215.13847
2352,216.08505
2358,216.09785
2364,216.1591
2377,217.08868
2379,217.08894
2380,217.0965
2381,217.09715
2382,217.10043
2383,217.10458
2384,217.10684
2385,217.10687
2386,217.10692
2387,217.10696
2389,217.11812
2391,217.12186
2392,217.12189
2393,217.12189
2395,217.12193
2396,217.12218
2397,217.12219
2403,217.15836
2404,217.15862
2407,217.15868
2408,217.98705
2410,218.08109
2413,218.12074
2414,218.1208
2416,218.13837
2418,218.15198
2420,218.17511
2422,218.21144
2423,218.21159
2427,219.02608
2432,219.07616
2433,219.09769
2436,219.10097
2437,219.10141
2438,219.10146
2439,219.10164
2440,219.11252
2442,219.13364
2445,219.13371
2450,219.13783
2451,219.13785
2452,219.13786
2454,219.13786
2456,219.17377
2460,219.17398
2461,219.17403
2463,219.17409
2464,219.17433
2465,219.17445
2469,220.04205
2471,220.08234
2472,220.08241
2473,220.09621
2477,220.11772
2478,220.13644
2483,221.01868
2484,221.08028
2485,221.08035
2486,221.09177
2487,221.09184
2488,221.09213
2492,221.11687
2495,221.12791
2500,221.1534
2501,221.15358
2502,221.15358
2503,221.16457
2505,221.18996
2506,221.18999
2508,222.0291
2513,222.09856
2516,222.11185
2519,222.11235
2525,222.14882
2528,222.98824
2531,223.07838
2533,223.09607
2534,223.09615
2536,223.0965
2537,223.09933
2542,223.11159
2549,223.14798
2552,223.16885
2553,223.16885
2558,223.98816
2563,224.09158
2564,224.11298
2565,224.1275
2566,224.1275
2567,224.12758
2568,224.12759
2569,224.12762
2570,224.12767
2572,224.12791
2573,224.12791
2575,224.12794
2576,224.12798
2577,224.12798
2578,224.12798
2579,224.12805
2580,224.12807
2581,224.12811
2582,224.12817
2583,224.12825
2584,224.16415
2585,224.17538
2589,225.03459
2593,225.08408
2596,225.10168
2599,225.1116
2600,225.11162
2601,225.11163
2604,225.11958
2607,225.12727
2613,225.14836
2614,225.14841
2615,225.14842
2623,226.08928
2625,226.12196
2627,226.14331
2628,226.14333
2633,226.159
2634,226.18005
2635,226.95154
2636,227.0789
2638,227.091
2639,227.10197
2640,227.10236
2642,227.11404
2643,227.12456
2645,227.12749
2646,227.12772
2647,227.12772
2648,227.1384
2649,227.1384
2650,227.1384
2651,227.13907
2652,227.13908
2653,227.13914
2655,227.14288
2659,227.17487
2664,228.09796
2666,228.11298
2667,228.12251
2671,228.15955
2676,228.19545
2677,228.19591
2688,229.11823
2689,229.11826
2690,229.12173
2696,229.14317
2699,229.15424
2700,229.15434
2701,229.15436
2702,229.15436
2703,229.15436
2705,229.15445
2706,229.1545
2707,229.15457
2721,230.10236
2726,230.11713
2728,230.13947
2729,230.13947
2730,230.1395
2731,230.1395
2732,230.1395
2733,230.13953
2734,230.13954
2735,230.13956
2736,230.13957
2737,230.13965
2738,230.13972
2739,230.13972
2740,230.13976
2741,230.14021
2742,230.14024
2743,230.14027
2744,230.14029
2745,230.14954
2746,230.18617
2747,230.18625
2748,230.18626
2751,230.24744
2762,231.07639
2763,231.08357
2767,231.11613
2770,231.11639
2773,231.13799
2775,231.13802
2778,231.13808
2785,231.17017
2793,231.98878
2807,232.15414
2819,233.09196
2821,233.09225
2825,233.11302
2827,233.11674
2828,233.11678
2834,233.14935
2837,233.15297
2840,233.15303
2841,233.15309
2846,233.15344
2851,233.15355
2852,233.15356
2855,233.15388
2862,234.05798
2863,234.09662
2864,234.09666
2865,234.09666
2866,234.09668
2867,234.09671
2868,234.09676
2869,234.09676
2870,234.09682
2872,234.09686
2873,234.09686
2874,234.09686
2876,234.09737
2877,234.09743
2878,234.11208
2880,234.12538
2891,235.05652
2898,235.09596
2899,235.09621
2912,235.16849
2916,235.16891
2917,235.16891
2920,235.16895
2923,235.16902
2928,236.07164
2929,236.11232
2930,236.11282
2931,236.11288
2932,236.11288
2933,236.1129
2934,236.11292
2935,236.11292
2936,236.11292
2937,236.11293
2938,236.12825
2939,236.12827
2940,236.12833
2948,237.08698
2949,237.11153
2950,237.11195
2955,237.14833
2957,237.14867
2959,237.15921
2960,237.16264
2961,237.16273
2963,237.18423
2964,237.18423
2965,237.1843
2966,237.18433
2968,237.1848
2970,237.18506
2971,237.18507
2976,238.03735
2982,238.09367
2983,238.10718
2984,238.10727
2985,238.10747
2986,238.11014
2988,238.1438
2994,239.01143
2995,239.03316
3002,239.09138
3003,239.0914
3004,239.09142
3006,239.09148
3007,239.10234
3008,239.10246
3009,239.10957
3010,239.1096
3011,239.13867
3013,239.14275
3015,239.14848
3016,239.14894
3018,239.1638
3019,239.16414
3021,239.16418
3022,239.16422
3029,240.10146
3030,240.10513
3034,240.13831
3035,240.15903
3036,240.17999
3037,240.18204
3044,241.02679
3048,241.06839
3049,241.09274
3050,241.09709
3051,241.10674
3052,241.10674
3056,241.14313
3057,241.14314
3058,241.14314
3059,241.15465
3061,241.17963
3063,241.22755
3067,242.08446
3068,242.08453
3070,242.09937
3072,242.11351
3075,242.12102
3076,242.13878
3080,242.15021
3081,242.15367
3082,242.17458
3083,242.21123
3087,242.98209
3091,243.08769
3094,243.09755
3096,243.10114
3097,243.1012
3098,243.1012
3099,243.10123
3100,243.11266
3101,243.11282
3104,243.12273
3106,243.13409
3107,243.13409
3108,243.15869
3116,243.99039
3118,244.09241
3119,244.09248
3121,244.09988
3122,244.09996
3123,244.10048
3126,244.11778
3127,244.11809
3129,244.15392
3132,244.15416
3133,244.15419
3134,244.15419
3135,244.15424
3136,244.16557
3137,244.16566
3138,244.19
3141,244.26324
3143,244.26334
3144,244.26337
3145,244.2634
3146,244.6244
3149,244.99814
3150,245.04749
3151,245.04752
3152,245.07454
3153,245.07628
3154,245.07642
3155,245.09167
3156,245.09209
3157,245.09216
3158,245.09503
3160,245.11662
3162,245.11667
3164,245.12045
3167,245.14912
3168,245.14922
3175,245.16045
3176,245.16048
3178,245.18546
3186,246.09476
3190,246.12334
3191,246.13318
3193,246.14481
3194,246.14485
3195,246.1449
3196,246.15164
3197,246.15166
3198,246.15167
3201,246.16971
3202,246.16972
3203,246.16998
3204,246.17
3205,246.17003
3207,246.1701
3209,246.2057
3211,246.2428
3212,246.24294
3213,247.05333
3214,247.07072
3216,247.0862
3222,247.09937
3224,247.12831
3225,247.12834
3226,247.1284
3227,247.12843
3228,247.12843
3229,247.12843
3231,247.13246
3232,247.13249
3233,247.13622
3234,247.16611
3235,247.16611
3236,247.16611
3237,247.16612
3238,247.16624
3239,247.16817
3240,247.16911
3247,248.11363
3251,248.12752
3257,248.16731
3259,248.18588
3264,249.0652
3266,249.08659
3270,249.11159
3271,249.11172
3273,249.13297
3275,249.14801
3276,249.14804
3277,249.14809
3282,249.14854
3285,249.15527
3287,249.18475
3290,249.93646
3296,250.08
3297,250.08003
3299,250.09303
3300,250.09352
3303,250.11826
3305,250.14311
3306,250.14349
3307,250.14352
3308,250.1436
3309,250.1436
3310,250.14365
3311,250.14401
3312,250.15504
3313,250.17741
3314,250.1797
3315,250.17972
3318,251.03033
3320,251.06375
3321,251.07709
3322,251.08467
3323,251.1022
3324,251.10234
3326,251.10265
3327,251.12706
3328,251.12708
3329,251.12712
3331,251.12714
3332,251.12793
3333,251.12799
3334,251.13104
3336,251.13847
3337,251.13892
3339,251.14981
3340,251.15974
3341,251.16341
3342,251.16348
3343,251.16351
3345,251.16385
3346,251.16388
3347,251.16388
3348,251.16393
3349,251.16393
3350,251.16441
3354,252.08623
3356,252.10516
3357,252.10522
3358,252.10716
3359,252.10846
3360,252.10895
3362,252.12308
3363,252.12311
3364,252.13177
3365,252.15869
3366,252.15924
3367,252.15952
3368,252.15955
3369,252.15961
3371,252.18031
3372,252.19572
3373,252.19576
3374,252.6217
3376,252.63637
3377,253.00708
3378,253.02896
3380,253.09245
3382,253.10683
3383,253.10687
3384,253.1179
3385,253.12756
3387,253.14273
3388,253.14276
3390,253.14307
3391,253.14313
3392,253.14316
3393,253.14328
3394,253.15459
3395,253.16483
3396,253.17938
3397,253.1794
3400,253.17944
3401,253.17944
3402,253.17944
3403,253.17946
3404,253.17947
3406,253.1944
3407,253.62981
3408,253.62994
3414,254.13821
3417,254.15993
3420,254.17468
3427,254.94171
3431,255.06474
3433,255.07396
3437,255.10876
3438,255.11244
3440,255.12268
3444,255.14113
3446,255.14534
3447,255.15839
3448,255.15842
3449,255.15891
3454,255.2067
3455,255.21036
3457,255.24326
3462,256.07504
3463,256.07504
3464,256.0751
3466,256.0813
3468,256.12891
3471,256.1748
3473,256.19073
3476,256.26306
3478,256.26324
3479,256.26328
3480,256.26358
3482,257.0419
3487,257.08054
3488,257.08063
3489,257.10205
3491,257.11255
3492,257.11267
3494,257.12067
3499,257.14682
3502,257.15692
3503,257.17444
3504,257.18976
3509,258.10858
3510,258.10956
3511,258.10956
3513,258.10965
3515,258.10977
3517,258.13348
3518,258.14435
3519,258.1521
3523,258.20621
3524,258.21707
3525,258.24222
3526,258.24265
3527,258.27875
3528,258.89969
3533,259.09189
3534,259.09232
3536,259.09583
3538,259.10764
3539,259.10773
3540,259.11761
3541,259.13223
3543,259.13239
3544,259.13239
3549,259.16861
3550,259.1687
3552,259.16873
3554,259.16943
3555,259.16949
3556,259.16956
3557,259.16956
3558,259.62952
3562,260.07416
3565,260.16052
3566,260.16052
3567,260.16055
3568,260.16055
3571,260.18582
3573,260.19635
3574,260.19641
3577,260.22168
3579,260.258
3581,261.00772
3583,261.03717
3586,261.0943
3588,261.11166
3590,261.11169
3591,261.11169
3592,261.11176
3593,261.11234
3594,261.12268
3596,261.12363
3597,261.14432
3598,261.14444
3599,261.14447
3603,261.14865
3604,261.18079
3606,261.18423
3607,261.18423
3608,261.18427
3609,261.18427
3610,261.18427
3611,261.1843
3612,261.18433
3613,261.18433
3614,261.18472
3615,261.18472
3616,261.18475
3617,261.18527
3621,262.01309
3622,262.03812
3623,262.04907
3624,262.06836
3625,262.10339
3627,262.11853
3628,262.12857
3629,262.12869
3632,262.14706
3633,262.14713
3634,262.14713
3635,262.14719
3636,262.14722
3637,262.16339
3639,262.16522
3640,262.2012
3641,262.23737
3642,262.2374
3643,262.25247
3646,263.08704
3647,263.08844
3648,263.09561
3651,263.12497
3652,263.12747
3653,263.12756
3654,263.12784
3655,263.12784
3656,263.12787
3657,263.12787
3658,263.12787
3659,263.1279
3660,263.12799
3662,263.13864
3663,263.13904
3664,263.13907
3665,263.14587
3667,263.16385
3668,263.16388
3669,263.16388
3670,263.16431
3671,263.16431
3672,263.17551
3675,263.20041
3676,263.22101
3683,264.13538
3684,264.1358
3685,264.1622
3686,264.16223
3690,264.26868
3695,265.06012
3696,265.07932
3697,265.09683
3703,265.10727
3704,265.11145
3707,265.14301
3708,265.14301
3709,265.1431
3711,265.14359
3713,265.15424
3718,265.17953
3726,266.01089
3727,266.07458
3728,266.07468
3729,266.08728
3731,266.10175
3733,266.12445
3734,266.13843
3738,266.17227
3739,266.17484
3740,266.17487
3741,266.18585
3746,267.04263
3750,267.07379
3751,267.07584
3753,267.08627
3754,267.10071
3755,267.10904
3757,267.12241
3758,267.12244
3761,267.13385
3764,267.15863
3765,267.15866
3766,267.15869
3767,267.15872
3773,267.9791
3777,268.10342
3778,268.10385
3779,268.10397
3781,268.11789
3784,268.13242
3785,268.13852
3786,268.15427
3787,268.1543
3790,268.16565
3791,268.19077
3794,269.08752
3795,269.08804
3796,269.11319
3798,269.12363
3800,269.1246
3801,269.1376
3803,269.13766
3804,269.13766
3805,269.1377
3806,269.1593
3807,269.16016
3808,269.16028
3809,269.16068
3812,269.17422
3813,269.17426
3814,269.17429
3815,269.17429
3817,269.17432
3818,269.17435
3819,269.1749
3822,269.95819
3830,270.15454
3832,270.19128
3834,270.20547
3840,271.04727
3844,271.0918
3845,271.09192
3847,271.13556
3848,271.13745
3849,271.14563
3850,271.14713
3851,271.15363
3856,271.19052
3859,271.19061
3862,272.13107
3866,272.15009
3867,272.15997
3869,272.16052
3870,272.16739
3871,272.17105
3873,272.18539
3875,272.22113
3876,272.25778
3880,272.25842
3881,272.25848
3882,272.25861
3883,272.29456
3884,272.29459
3886,272.95203
3889,273.08484
3890,273.08664
3891,273.1077
3892,273.10825
3894,273.11508
3895,273.11508
3896,273.11517
3898,273.12692
3899,273.14383
3900,273.14459
3903,273.15149
3904,273.16956
3908,273.18411
3909,273.1842
3913,274.09003
3914,274.09195
3915,274.11066
3917,274.1217
3920,274.18304
3921,274.18359
3925,274.20123
3927,274.23676
3928,274.27313
3929,274.2739
3930,274.6254
3935,275.103
3936,275.10956
3937,275.12698
3939,275.12729
3940,275.13055
3945,275.16348
3946,275.16354
3947,275.16354
3948,275.1636
3950,275.16397
3952,275.16449
3953,275.16461
3954,275.16461
3956,275.18454
3957,275.20023
3958,275.20029
3959,275.20032
3960,275.20038
3961,275.20038
3962,275.2081
3965,275.9921
3968,276.10101
3970,276.1261
3972,276.14359
3974,276.15872
3975,276.15906
3977,276.19897
3978,276.21674
3980,276.2168
3987,277.10379
3990,277.11865
3992,277.14297
3993,277.14304
3994,277.14304
3995,277.14307
3996,277.1431
3997,277.14316
3999,277.14658
4003,277.17886
4005,277.17972
4006,277.17972
4007,277.17972
4008,277.17972
4009,277.17975
4010,277.17975
4011,277.17975
4012,277.17978
4013,277.17981
4014,277.17981
4015,277.17981
4016,277.17984
4017,277.17984
4018,277.1799
4022,277.21597
4025,278.06863
4026,278.08734
4031,278.13797
4032,278.1423
4033,278.1423
4034,278.14996
4038,278.17538
4039,278.17538
4047,279.09366
4049,279.09778
4052,279.12219
4054,279.12247
4055,279.12253
4056,279.12262
4057,279.12265
4058,279.1333
4059,279.13367
4060,279.13425
4061,279.15845
4062,279.15894
4063,279.159
4064,279.15903
4065,279.15903
4066,279.15906
4068,279.17023
4070,279.19498
4071,279.19507
4072,279.19507
4073,279.1951
4074,279.1951
4075,279.1955
4076,279.19553
4077,279.23141
4087,280.09225
4089,280.11765
4091,280.11798
4092,280.12103
4093,280.12109
4094,280.12869
4095,280.1387
4096,280.1387
4097,280.13882
4098,280.15363
4099,280.15796
4100,280.16605
4101,280.19028
4106,281.05005
4108,281.10657
4109,281.10666
4111,281.11279
4113,281.11731
4115,281.13785
4116,281.13788
4117,281.13791
4119,281.14899
4121,281.14902
4122,281.14948
4124,281.15527
4125,281.15967
4127,281.17386
4129,281.29407
4132,282.00565
4134,282.06427
4135,282.08643
4137,282.10147
4138,282.11908
4139,282.11945
4140,282.11948
4141,282.11957
4142,282.1196
4143,282.12012
4148,282.15494
4150,282.16974
4152,282.20599
4155,282.27847
4156,282.27853
4161,283.10287
4163,283.11734
4164,283.12167
4165,283.1217
4168,283.16217
4171,283.17233
4172,283.17273
4173,283.17276
4174,283.17517
4175,283.17523
4179,283.83212
4187,284.09872
4188,284.09875
4190,284.12753
4192,284.12875
4194,284.14908
4198,284.16
4199,284.17053
4200,284.18497
4201,284.20599
4202,284.22189
4203,284.29391
4205,284.29413
4207,284.29453
4208,284.33035
4210,284.6561
4213,285.00574
4214,285.07571
4216,285.1123
4217,285.11563
4218,285.12378
4219,285.12811
4223,285.19226
4224,285.22772
4225,285.22879
4226,285.66388
4227,285.98822
4229,286.09128
4230,286.10342
4232,286.13962
4233,286.13962
4234,286.13962
4235,286.13962
4236,286.1434
4237,286.16409
4238,286.16418
4239,286.16476
4240,286.16525
4241,286.17624
4242,286.17624
4243,286.17627
4245,286.20071
4246,286.20084
4248,286.20087
4255,286.30954
4261,287.06104
4262,287.08401
4265,287.11337
4266,287.12326
4267,287.13055
4270,287.13477
4272,287.17169
4274,287.19632
4278,287.20041
4279,287.20044
4280,287.20047
4282,287.23615
4284,287.63242
4285,287.63257
4291,288.10788
4292,288.12631
4293,288.12637
4294,288.12637
4296,288.1554
4297,288.16232
4299,288.19135
4301,288.19186
4302,288.19186
4303,288.19193
4305,288.20239
4306,288.20239
4307,288.21628
4308,288.21677
4309,288.21683
4310,288.21686
4312,288.25293
4314,288.28922
4315,288.28931
4316,288.28931
4317,288.28931
4318,288.28937
4319,288.2894
4321,288.64005
4324,289.02332
4325,289.02646
4329,289.09174
4331,289.10394
4332,289.10629
4334,289.10635
4335,289.11554
4337,289.13901
4338,289.13968
4342,289.17667
4343,289.17676
4344,289.17688
4346,289.20078
4351,289.21542
4353,289.21579
4354,289.2164
4355,289.21646
4356,289.21649
4358,290.06396
4360,290.13397
4361,290.13397
4362,290.13425
4363,290.14178
4365,290.1423
4368,290.1705
4369,290.1705
4370,290.17053
4371,290.17056
4372,290.17059
4373,290.17447
4374,290.17456
4375,290.17786
4376,290.17795
4377,290.17798
4378,290.17801
4379,290.17801
4380,290.19565
4383,290.23196
4387,290.2688
4388,290.26889
4389,290.26895
4395,291.03851
4397,291.06915
4400,291.09708
4401,291.09711
4402,291.09744
4403,291.11389
4407,291.12021
4408,291.12247
4409,291.12259
4411,291.15515
4412,291.15521
4414,291.15839
4415,291.15845
4416,291.15848
4417,291.15909
4419,291.15912
4420,291.15918
4421,291.17316
4422,291.1908
4423,291.19485
4425,291.19504
4427,291.1951
4435,292.08469
4439,292.12909
4440,292.15463
4441,292.15683
4442,292.15689
4444,292.15808
4445,292.18057
4446,292.18991
4447,292.19009
4449,292.19067
4450,292.19351
4451,292.19354
4458,292.64243
4461,292.98578
4465,293.10156
4466,293.11246
4468,293.1384
4469,293.1384
4470,293.13843
4471,293.13855
4472,293.14273
4473,293.14917
4474,293.14917
4475,293.17422
4476,293.17429
4477,293.17474
4478,293.17474
4480,293.17477
4481,293.17477
4482,293.1748
4483,293.1748
4484,293.1748
4485,293.17505
4486,293.18527
4487,293.21045
4488,293.21045
4489,293.21057
4490,293.22571
4494,294.00256
4498,294.04733
4500,294.10062
4505,294.14481
4506,294.15445
4507,294.15451
4508,294.15454
4509,294.1694
4511,294.173
4512,294.18076
4513,294.1814
4516,294.20636
4517,294.20645
4519,294.22766
4523,294.98282
4527,295.09613
4529,295.11783
4532,295.12817
4533,295.1282
4535,295.14993
4539,295.15393
4541,295.15817
4542,295.16483
4543,295.17242
4544,295.18729
4545,295.18961
4546,295.19049
4547,295.19052
4549,295.19055
4550,295.19061
4551,295.20547
4553,295.20557
4558,295.23776
4560,295.96881
4561,296.05756
4562,296.05762
4564,296.06573
4567,296.12363
4568,296.12366
4571,296.13483
4573,296.13495
4575,296.14618
4576,296.1463
4577,296.14938
4578,296.14941
4579,296.14941
4580,296.16449
4582,296.18268
4584,296.18558
4586,296.20712
4595,297.08316
4596,297.09042
4599,297.10815
4600,297.10818
4601,297.13293
4602,297.13315
4603,297.13773
4604,297.13776
4605,297.14386
4606,297.14386
4609,297.15436
4610,297.15439
4611,297.16766
4613,297.16946
4615,297.20526
4616,297.20529
4617,297.20581
4618,297.20581
4623,297.24161
4624,297.24179
4629,298.07388
4630,298.09656
4631,298.09705
4632,298.11417
4636,298.1434
4637,298.147
4643,298.18567
4647,298.27335
4648,298.27359
4649,298.30948
4653,299.10623
4654,299.12784
4655,299.12793
4662,299.14917
4663,299.15402
4665,299.16757
4666,299.16763
4667,299.2002
4668,299.23264
4669,299.30566
4670,299.63229
4676,300.07446
4677,300.08981
4678,300.10529
4679,300.11884
4684,300.13416
4686,300.1626
4687,300.17978
4688,300.17981
4689,300.17987
4692,300.19165
4693,300.19168
4694,300.19907
4695,300.20096
4697,300.22757
4699,300.28903
4700,300.28906
4707,301.01688
4708,301.08142
4709,301.11789
4712,301.11856
4715,301.1409
4721,301.1835
4730,301.28406
4736,302.11371
4737,302.12079
4738,302.12079
4740,302.12347
4741,302.1412
4742,302.14133
4743,302.14136
4744,302.14941
4745,302.14996
4747,302.17081
4748,302.17807
4749,302.17816
4750,302.19611
4751,302.19611
4752,302.19614
4753,302.20673
4754,302.20673
4755,302.20673
4756,302.20779
4757,302.20789
4758,302.21426
4759,302.23221
4761,302.26819
4762,302.26895
4763,302.30515
4764,302.3053
4766,303.05356
4770,303.10867
4774,303.14169
4775,303.14432
4778,303.16675
4779,303.16992
4780,303.16998
4781,303.19537
4782,303.19537
4783,303.19547
4784,303.19559
4788,303.23172
4792,304.08395
4793,304.08551
4794,304.10016
4795,304.11389
4798,304.12073
4800,304.15024
4802,304.15036
4803,304.15039
4805,304.15717
4806,304.1572
4807,304.15729
4809,304.17554
4810,304.17676
4811,304.18674
4813,304.21118
4817,304.28473
4818,304.28488
4819,304.29929
4820,304.69562
4821,304.89212
4823,305.02145
4831,305.13794
4834,305.15311
4835,305.15634
4836,305.15649
4837,305.16083
4839,305.17047
4840,305.17728
4841,305.17841
4842,305.17844
4843,305.18591
4844,305.186
4846,305.21057
4847,305.21063
4848,305.21063
4849,305.21069
4852,305.21115
4853,305.66306
4855,306.04742
4860,306.11761
4862,306.1362
4863,306.1362
4864,306.13623
4865,306.13626
4866,306.13696
4867,306.15097
4868,306.16602
4869,306.17303
4870,306.1731
4871,306.17313
4876,306.22763
4877,306.22763
4878,306.22769
4880,306.24216
4882,306.2428
4883,306.24292
4884,306.26398
4885,306.26398
4886,306.27908
4888,306.65891
4891,307.04333
4893,307.08258
4896,307.10168
4897,307.10172
4898,307.10175
4899,307.10184
4902,307.12164
4904,307.12872
4906,307.15359
4908,307.16498
4909,307.17184
4910,307.172
4912,307.18988
4913,307.19302
4914,307.20071
4915,307.2019
4916,307.21091
4917,307.2262
4918,307.22672
4919,307.22672
4920,307.22672
4921,307.22675
4922,307.22684
4923,307.22684
4924,307.24103
4925,307.24234
4928,308.06088
4929,308.08026
4931,308.09879
4933,308.1348
4934,308.15982
4935,308.17584
4936,308.18475
4937,308.18588
4938,308.18594
4939,308.186
4943,308.21765
4944,308.25827
4945,308.29428
4946,308.2948
4950,309.12915
4951,309.13327
4953,309.13733
4954,309.13745
4955,309.16531
4957,309.20496
4958,309.2052
4960,309.2063
4961,309.24234
4970,310.11343
4972,310.12766
4974,310.13953
4975,310.14636
4976,310.14694
4980,310.17529
4981,310.18329
4982,310.20059
4983,310.20059
4984,310.20065
4985,310.20068
4987,310.20123
4989,310.30994
4990,310.30997
4998,311.06897
5000,311.12289
5001,311.12296
5002,311.12317
5003,311.14841
5005,311.14893
5006,311.18478
5007,311.18484
5008,311.18542
5009,311.18546
5012,311.22189
5013,311.23596
5015,312.0033
5017,312.04504
5018,312.08884
5019,312.11038
5020,312.11038
5021,312.12601
5022,312.12909
5023,312.12924
5025,312.12927
5026,312.13049
5027,312.14346
5028,312.16544
5030,312.1803
5031,312.1915
5034,312.21609
5036,312.21625
5038,312.21661
5039,312.21667
5040,312.21683
5043,312.25275
5044,312.2533
5050,312.32629
5051,312.36142
5057,313.10669
5059,313.14029
5060,313.14288
5062,313.14621
5064,313.15466
5065,313.15747
5066,313.16452
5068,313.1752
5069,313.17578
5072,313.20074
5074,313.20078
5075,313.20078
5077,313.21576
5079,313.21582
5081,313.21585
5084,313.23685
5087,313.66055
5090,314.09174
5093,314.13464
5094,314.13788
5097,314.16348
5098,314.17865
5099,314.17865
5101,314.18088
5102,314.1958
5103,314.19586
5104,314.19595
5105,314.20715
5106,314.20728
5107,314.21646
5108,314.21713
5110,314.23221
5111,314.23288
5112,314.23288
5114,314.34189
5117,315.0527
5121,315.13397
5123,315.13406
5124,315.13409
5134,315.23169
5135,315.23181
5142,316.13617
5143,316.15393
5145,316.18021
5146,316.18661
5147,316.18668
5149,316.19012
5150,316.19391
5151,316.19391
5152,316.19394
5153,316.19397
5156,316.21121
5157,316.21127
5158,316.21136
5159,316.22256
5160,316.22256
5161,316.22272
5163,316.24863
5164,316.24869
5165,316.24869
5170,316.28448
5171,316.28452
5172,316.28455
5173,316.28461
5174,316.28461
5175,316.32132
5176,316.32138
5184,317.11526
5186,317.1312
5187,317.13586
5188,317.14896
5190,317.14978
5191,317.14984
5192,317.14984
5194,317.17148
5195,317.17398
5196,317.17401
5197,317.17743
5200,317.21155
5203,317.24759
5205,317.24771
5206,317.27942
5218,318.13696
5219,318.16595
5220,318.16602
5221,318.16608
5222,318.16608
5223,318.16614
5225,318.17276
5227,318.19559
5229,318.20233
5230,318.20236
5231,318.20239
5232,318.20969
5233,318.20969
5238,318.29938
5239,318.29953
5240,318.2999
5241,318.30042
5242,318.3006
5249,319.03458
5253,319.12909
5255,319.13583
5266,319.18964
5268,319.1908
5269,319.19305
5270,319.19315
5271,319.19318
5278,319.22617
5279,319.22617
5281,319.2413
5282,319.2626
5285,320.05746
5288,320.11575
5291,320.12332
5292,320.13303
5293,320.13403
5295,320.15247
5296,320.15259
5306,320.25763
5308,320.25839
5309,320.83401
5312,321.0502
5313,321.05023
5315,321.14441
5317,321.14767
5319,321.1803
5321,321.20547
5322,321.20551
5323,321.20554
5326,321.2056
5327,321.20566
5328,321.21713
5330,321.21719
5332,321.24219
5333,321.24225
5334,321.24234
5335,321.24237
5337,321.31473
5338,321.84665
5343,322.0733
5345,322.09598
5347,322.13168
5348,322.13177
5351,322.16498
5354,322.18771
5357,322.21176
5358,322.21179
5359,322.21375
5363,323.05688
5364,323.09045
5368,323.15317
5369,323.16748
5371,323.17047
5372,323.19571
5373,323.19577
5374,323.19586
5378,323.23636
5385,324.08899
5389,324.13028
5391,324.18018
5393,324.19144
5394,324.21628
5395,324.23477
5399,324.28879
5401,324.6937
5405,325.06985
5406,325.08902
5409,325.11279
5411,325.13303
5412,325.13852
5413,325.13919
5415,325.1637
5417,325.1825
5420,325.21216
5422,325.23648
5423,325.23666
5424,325.2373
5428,325.25186
5432,326.00562
5434,326.03693
5437,326.12292
5439,326.1438
5440,326.14594
5441,326.15976
5442,326.19608
5443,326.19614
5444,326.1962
5445,326.1962
5446,326.19669
5448,326.20789
5449,326.23178
5453,326.70862
5459,327.08902
5461,327.0892
5464,327.15851
5465,327.15854
5466,327.1586
5468,327.19492
5469,327.20139
5470,327.20264
5472,327.23083
5475,327.63156
5478,328.03714
5480,328.12091
5481,328.12509
5482,328.13873
5483,328.14194
5487,328.1745
5488,328.17511
5489,328.17584
5490,328.19363
5491,328.19669
5492,328.21115
5493,328.21118
5494,328.21118
5495,328.21118
5496,328.21121
5497,328.21124
5498,328.21252
5500,328.23248
5510,329.10529
5511,329.14212
5512,329.14224
5516,329.1597
5517,329.17383
5518,329.17398
5519,329.17511
5521,329.18115
5526,329.21072
5527,329.2113
5528,329.21133
5529,329.21136
5530,329.2114
5537,330.11197
5538,330.13614
5539,330.13675
5540,330.13681
5543,330.16595
5544,330.16599
5545,330.17236
5547,330.19089
5549,330.20142
5550,330.20154
5554,330.22772
5559,330.22787
5560,330.2384
5564,330.26413
5566,330.33673
5569,331.07391
5570,331.08035
5571,331.08444
5572,331.11118
5574,331.12979
5576,331.14676
5578,331.15088
5581,331.168
5587,331.18811
5588,331.19669
5592,331.22592
5593,331.22592
5594,331.22592
5595,331.22595
5596,331.22598
5597,331.22601
5599,331.22607
5601,331.22653
5603,331.22653
5604,331.22656
5605,331.22656
5606,331.22659
5608,331.22672
5615,332.11057
5616,332.13327
5617,332.13354
5618,332.15256
5619,332.15256
5620,332.15259
5621,332.15259
5622,332.15268
5623,332.15268
5624,332.15271
5625,332.18069
5626,332.18073
5627,332.18198
5628,332.18207
5629,332.1821
5630,332.18839
5631,332.18863
5632,332.20578
5634,332.2179
5635,332.2179
5636,332.21799
5637,332.21802
5638,332.22128
5640,332.24304
5641,332.24304
5642,332.2431
5643,332.24319
5645,332.27887
5646,332.31564
5647,332.31567
5653,333.05133
5655,333.07452
5660,333.15591
5661,333.1666
5662,333.16733
5663,333.17261
5664,333.17615
5666,333.18982
5667,333.19037
5668,333.20349
5671,333.20657
5675,333.24173
5677,333.24234
5678,333.24234
5679,333.24237
5681,333.24243
5685,334.07391
5686,334.09219
5687,334.09576
5690,334.14001
5692,334.16006
5693,334.1601
5694,334.16016
5695,334.16016
5696,334.16022
5698,334.16742
5699,334.16821
5701,334.1965
5703,334.20435
5704,334.25787
5705,334.25787
5706,334.25793
5707,334.25793
5708,334.25803
5710,334.27304
5711,334.27316
5712,334.27377
5713,334.2738
5714,334.27383
5716,334.27441
5717,334.29483
5718,334.29504
5721,334.9913
5729,335.16974
5730,335.18484
5733,335.18854
5734,335.18857
5735,335.1886
5737,335.18869
5738,335.18875
5739,335.22134
5740,335.22137
5741,335.22272
5743,335.23587
5745,335.23599
5747,335.23602
5750,335.27872
5751,335.94116
5756,336.15488
5757,336.15543
5763,336.19186
5765,336.19238
5767,336.19244
5768,336.1925
5770,336.19287
5771,336.21594
5772,336.21658
5773,336.21667
5774,336.21677
5776,336.25333
5783,337.14236
5784,337.15036
5785,337.16061
5786,337.16074
5791,337.21136
5792,337.23401
5793,337.25156
5795,337.25162
5796,337.25162
5797,337.25165
5798,337.25168
5799,337.25174
5801,337.27347
5802,337.96915
5804,338.07565
5806,338.13464
5809,338.15878
5814,338.19336
5815,338.23245
5822,338.34088
5823,338.34204
5825,339.05252
5832,339.15552
5834,339.15823
5836,339.15848
5838,339.19177
5839,339.19467
5841,339.21613
5842,339.21613
5845,339.23169
5846,339.25302
5847,339.25302
5848,339.25311
5853,339.26807
5854,339.2681
5855,339.26813
5856,339.84149
5862,340.16016
5864,340.17575
5867,340.19595
5868,340.19601
5869,340.20929
5870,340.21164
5871,340.23245
5872,340.24789
5875,340.28381
5876,340.28424
5877,340.28427
5879,340.28433
5880,340.28439
5881,340.67789
5884,341.06937
5885,341.10068
5888,341.10574
5890,341.13812
5891,341.14175
5892,341.15588
5893,341.16415
5895,341.17386
5897,341.17404
5898,341.1752
5899,341.1752
5900,341.1752
5902,341.17532
5904,341.18008
5905,341.18008
5906,341.21777
5909,341.24701
5910,341.24701
5911,341.24713
5914,341.31516
5919,342.06833
5920,342.06839
5922,342.13956
5924,342.17041
5925,342.17572
5926,342.19135
5928,342.20947
5929,342.21176
5941,343.12283
5942,343.13181
5943,343.1546
5946,343.17566
5950,343.19824
5951,343.22302
5954,343.26282
5955,343.26309
5957,343.26321
5959,343.28503
5960,343.28516
5961,343.29614
5968,344.09085
5971,344.13339
5972,344.15286
5973,344.18173
5974,344.18176
5975,344.18915
5977,344.20663
5979,344.20667
5981,344.2067
5982,344.228
5984,344.25427
5986,344.25436
5988,344.27859
5989,344.27859
5991,344.27917
5992,344.27927
5993,344.28003
5995,344.31641
6001,345.06308
6004,345.10007
6005,345.10016
6006,345.10019
6010,345.14719
6011,345.14719
6012,345.14728
6014,345.177
6015,345.17712
6016,345.18314
6019,345.18475
6021,345.20508
6023,345.20572
6024,345.20578
6025,345.20581
6026,345.20584
6028,345.21338
6029,345.21341
6030,345.21344
6033,345.24167
6038,346.05447
6040,346.11267
6041,346.13144
6042,346.15543
6043,346.15982
6044,346.1759
6045,346.18634
6047,346.19632
6048,346.19638
6049,346.19641
6051,346.19788
6056,346.23303
6057,346.23303
6058,346.23315
6063,346.31015
6064,346.33087
6065,346.33093
6066,346.70694
6067,346.70697
6069,346.7207
6071,347.08548
6072,347.12067
6073,347.12372
6077,347.16959
6078,347.1759
6080,347.19272
6081,347.19281
6083,347.21875
6085,347.22095
6086,347.22101
6087,347.22101
6088,347.22101
6089,347.22107
6090,347.22107
6092,347.22113
6093,347.22119
6094,347.22119
6095,347.22153
6096,347.22159
6098,347.22168
6099,347.22174
6100,347.2218
6102,347.25839
6104,348.07941
6106,348.12256
6108,348.14325
6109,348.14767
6110,348.14777
6113,348.14783
6114,348.15051
6115,348.17633
6116,348.17636
6117,348.17636
6118,348.17645
6119,348.17648
6122,348.23874
6123,348.25336
6124,348.28876
6125,348.28879
6126,348.31039
6127,348.72226
6131,349.0954
6132,349.10318
6133,349.13409
6135,349.13965
6136,349.15045
6139,349.18213
6141,349.18594
6143,349.2352
6144,349.23615
6145,349.23621
6147,349.23685
6148,349.23691
6149,349.23697
6151,349.23724
6152,349.23764
6153,349.23764
6154,349.2377
6155,349.2377
6156,349.23776
6161,350.08719
6162,350.08722
6163,350.08728
6164,350.08975
6166,350.12073
6167,350.14487
6168,350.17029
6169,350.17639
6170,350.18146
6172,350.19656
6173,350.19907
6174,350.20609
6175,350.20694
6176,350.21689
6178,350.23172
6179,350.24496
6180,350.26791
6183,350.34039
6186,350.98422
6198,351.20108
6199,351.21588
6200,351.21591
6201,351.21594
6203,351.2305
6205,351.2308
6206,351.25259
6211,352.10635
6212,352.15015
6214,352.15021
6216,352.15942
6217,352.15945
6218,352.16037
6219,352.17902
6221,352.21112
6225,352.25116
6229,352.2847
6233,352.30444
6239,353.0766
6243,353.12213
6244,353.12979
6246,353.15646
6248,353.1958
6251,353.21957
6252,353.22006
6253,353.23196
6254,353.24634
6255,353.24646
6258,353.24774
6260,353.24789
6266,354.17139
6267,354.17511
6268,354.17511
6270,354.22653
6271,354.22662
6272,354.22662
6274,354.22668
6275,354.22672
6276,354.22678
6277,354.22745
6278,354.23764
6279,354.23764
6280,354.26352
6282,354.26376
6285,354.33615
6294,355.12128
6296,355.15363
6297,355.15366
6298,355.15366
6299,355.15366
6300,355.15366
6302,355.15369
6303,355.15369
6304,355.15372
6305,355.15375
6306,355.15381
6307,355.15384
6311,355.17856
6313,355.2204
6314,355.22046
6316,355.22647
6319,355.26312
6320,355.26312
6322,355.26321
6323,355.26321
6325,355.26328
6326,355.26328
6328,355.26337
6334,356.11667
6335,356.12769
6336,356.13364
6337,356.15179
6339,356.15311
6340,356.15558
6341,356.19104
6343,356.20584
6344,356.21719
6345,356.21799
6346,356.24243
6347,356.24246
6349,356.24252
6352,356.24319
6353,356.24323
6360,356.27979
6362,356.35172
6366,357.1001
6370,357.13586
6371,357.13596
6372,357.13611
6375,357.15598
6377,357.16946
6379,357.16953
6380,357.16956
6381,357.16959
6382,357.16962
6383,357.16968
6384,357.16968
6385,357.20099
6386,357.21277
6387,357.23276
6388,357.23529
6392,357.26328
6393,357.27826
6394,357.27844
6395,357.27847
6396,357.2785
6397,357.27856
6398,357.27863
6402,358.11252
6404,358.14865
6406,358.16812
6409,358.1962
6410,358.19772
6411,358.20755
6412,358.20755
6414,358.2269
6416,358.24268
6417,358.2438
6419,358.29553
6420,358.29568
6421,358.36801
6424,359.07855
6428,359.11484
6429,359.11499
6430,359.1163
6431,359.11636
6432,359.16714
6433,359.16974
6434,359.18188
6435,359.18484
6436,359.18488
6437,359.19168
6438,359.19598
6440,359.22842
6441,359.22852
6442,359.22855
6443,359.22858
6445,359.22873
6453,360.15024
6455,360.18292
6456,360.18359
6457,360.18372
6459,360.20718
6460,360.21201
6461,360.21207
6462,360.21207
6463,360.21213
6464,360.2135
6465,360.21359
6468,360.22995
6471,360.28894
6472,360.34665
6473,360.65106
6480,361.17169
6481,361.17169
6482,361.19781
6483,361.19788
6484,361.19794
6486,361.20035
6487,361.20108
6489,361.23499
6491,361.27255
6492,361.27271
6494,361.69485
6497,362.12643
6498,362.12643
6501,362.15521
6502,362.16235
6506,362.19116
6507,362.19266
6509,362.19925
6510,362.1994
6511,362.20743
6512,362.20889
6513,362.22208
6516,362.23303
6517,362.24512
6520,362.30466
6521,362.32611
6522,362.32648
6523,362.32669
6524,362.32675
6525,362.92615
6527,363.11057
6530,363.15442
6531,363.15533
6532,363.15787
6533,363.15796
6536,363.21561
6537,363.21561
6538,363.21616
6539,363.21616
6542,363.21698
6543,363.21707
6544,363.2171
6550,364.05292
6551,364.11697
6557,364.19559
6558,364.19623
6559,364.19623
6561,364.20804
6563,364.2146
6566,364.2475
6567,364.24765
6568,364.24823
6569,364.24832
6570,364.24841
6575,365.10599
6576,365.14505
6578,365.17465
6579,365.17468
6581,365.19226
6583,365.23108
6587,365.23251
6588,365.2326
6589,365.23264
6591,365.23276
6595,366.06091
6596,366.09973
6597,366.10736
6599,366.16537
6600,366.17676
6604,366.19446
6606,366.21167
6608,366.21179
6609,366.22665
6610,366.24033
6611,366.2991
6612,366.30051
6617,367.14917
6618,367.1492
6619,367.1492
6620,367.14935
6621,367.14935
6623,367.15912
6624,367.1958
6626,367.21173
6627,367.22501
6629,367.24738
6630,367.2475
6633,367.29919
6635,368.09824
6637,368.14511
6638,368.14948
6641,368.15588
6646,368.20627
6648,368.22705
6652,368.24368
6653,368.25735
6657,368.30002
6661,368.72018
6663,368.72021
6671,369.1669
6673,369.16867
6674,369.16876
6675,369.17029
6676,369.18988
6677,369.24277
6678,369.24283
6685,369.35123
6696,370.17163
6697,370.20905
6698,370.22198
6699,370.22205
6704,370.23373
6708,370.25919
6711,370.2948
6715,370.73596
6718,371.11627
6719,371.11636
6720,371.14914
6721,371.14917
6722,371.14923
6723,371.14929
6724,371.15179
6727,371.16794
6729,371.18472
6730,371.18472
6731,371.18475
6732,371.18475
6733,371.18488
6734,371.18488
6735,371.185
6738,371.22665
6740,371.25781
6742,371.25784
6743,371.25787
6744,371.25787
6746,371.25793
6747,371.25803
6748,371.27963
6749,371.32721
6754,372.22293
6757,372.22742
6758,372.22745
6761,372.23746
6762,372.23749
6763,372.23764
6765,372.24374
6766,372.25809
6768,372.28952
6770,372.31021
6771,372.31024
6772,372.31137
6773,372.34653
6778,373.05865
6782,373.13123
6783,373.13129
6784,373.13129
6787,373.16446
6788,373.16452
6789,373.16458
6790,373.16458
6791,373.16464
6792,373.1647
6793,373.18335
6794,373.1835
6795,373.19861
6796,373.23465
6797,373.23788
6799,373.2449
6801,373.27383
6802,373.27383
6803,373.27386
6804,373.2739
6805,373.27393
6806,373.27393
6807,373.27396
6808,373.27405
6809,373.27405
6810,373.27405
6817,374.10818
6818,374.10822
6820,374.14407
6821,374.16293
6823,374.17078
6824,374.17139
6826,374.22809
6827,374.22812
6828,374.22812
6829,374.22821
6830,374.22824
6832,374.25299
6833,374.25299
6838,374.36206
6839,374.36212
6844,375.13004
6846,375.15689
6847,375.17734
6848,375.17743
6850,375.17923
6851,375.18066
6852,375.18066
6853,375.18781
6856,375.21362
6857,375.22385
6862,375.28949
6865,375.98502
6868,376.01126
6872,376.10529
6876,376.14145
6877,376.14148
6878,376.15958
6879,376.17169
6880,376.17169
6881,376.17188
6883,376.17197
6884,376.17804
6885,376.18988
6886,376.23315
6888,376.26004
6889,376.28406
6890,376.3197
6894,377.09024
6896,377.12592
6897,377.13373
6898,377.14481
6902,377.17441
6903,377.19598
6904,377.19601
6905,377.19608
6907,377.23257
6908,377.2326
6911,377.26907
6913,377.28049
6915,378.10013
6916,378.12094
6917,378.12097
6918,378.13937
6919,378.16061
6920,378.16525
6921,378.1655
6923,378.17517
6924,378.17538
6925,378.17578
6926,378.19153
6928,378.22308
6930,378.23837
6931,378.24048
6933,378.26315
6934,378.32047
6935,378.32062
6936,378.90063
6937,378.98245
6940,379.14194
6942,379.16815
6947,379.24863
6948,379.29535
6950,379.70966
6957,380.14542
6958,380.18109
6959,380.18182
6960,380.18195
6961,380.19162
6962,380.19168
6963,380.19186
6966,380.21701
6967,380.21719
6973,380.24286
6974,380.24326
6975,380.24362
6976,380.25583
6984,381.07968
6987,381.15073
6988,381.15378
6989,381.15762
6991,381.17484
6992,381.20581
6993,381.22617
6994,381.22623
6995,381.22729
6996,381.22733
6997,381.26242
6998,381.26248
7007,382.18542
7010,382.20737
7011,382.20746
7012,382.20749
7013,382.20749
7014,382.20752
7015,382.20752
7016,382.22009
7018,382.25803
7019,382.2587
7020,382.27133
7022,382.33066
7024,382.33081
7027,383.09494
7028,383.11188
7029,383.11276
7034,383.16937
7035,383.16937
7036,383.16943
7037,383.16943
7038,383.16949
7039,383.16953
7040,383.24173
7043,383.33145
7046,384.11569
7047,384.14944
7048,384.17661
7050,384.203
7051,384.22263
7052,384.22269
7053,384.23532
7055,384.23868
7056,384.23868
7057,384.25662
7058,384.27353
7061,384.27362
7062,384.27365
7063,384.27371
7064,384.27429
7066,384.28836
7067,384.28946
7068,384.34723
7069,384.84055
7073,385.05969
7076,385.16348
7078,385.18503
7080,385.20099
7081,385.2067
7082,385.20673
7084,385.20856
7086,385.24429
7088,385.25772
7089,385.30515
7090,385.3089
7094,385.72974
7097,386.12686
7100,386.19971
7101,386.2016
7103,386.23767
7104,386.23782
7111,387.10007
7114,387.14423
7116,387.16223
7118,387.18036
7119,387.18042
7120,387.18045
7122,387.18051
7124,387.19312
7125,387.20132
7126,387.21451
7129,387.25281
7131,387.25296
7133,387.2735
7137,388.08618
7140,388.1232
7141,388.13437
7142,388.15964
7145,388.21466
7147,388.23282
7148,388.24716
7150,388.25308
7151,388.25314
7153,388.30615
7157,389.04031
7162,389.15863
7165,389.19315
7166,389.19482
7167,389.19482
7172,389.19653
7173,389.20239
7174,389.20245
7175,389.20248
7176,389.20248
7177,389.20691
7178,389.20706
7179,389.20987
7182,389.21698
7184,389.23868
7185,389.26758
7187,389.26773
7188,389.26794
7189,389.26797
7196,390.13965
7199,390.15726
7200,390.18713
7203,390.19064
7204,390.1907
7205,390.19083
7206,390.19083
7207,390.19086
7208,390.19376
7209,390.20618
7210,390.22723
7211,390.23752
7212,390.23923
7213,390.23932
7214,390.24002
7217,390.35721
7219,390.73227
7221,390.73236
7225,391.14182
7228,391.17404
7229,391.17563
7231,391.18854
7233,391.19785
7235,391.24902
7236,391.28381
7237,391.28391
7238,391.28394
7239,391.28397
7240,391.28406
7241,391.28409
7242,391.28412
7245,392.17352
7248,392.19122
7249,392.19196
7251,392.2067
7252,392.20679
7253,392.20682
7256,392.24356
7258,392.26483
7259,392.27856
7260,392.28015
7261,392.74881
7263,393.08539
7266,393.13943
7267,393.1506
7268,393.1524
7269,393.15482
7273,393.19006
7274,393.20993
7278,393.26251
7282,393.28638
7283,393.98239
7286,394.1163
7287,394.14862
7288,394.15222
7289,394.19763
7290,394.19763
7291,394.19766
7292,394.19775
7293,394.19781
7294,394.22171
7295,394.22186
7296,394.23306
7298,394.24423
7302,394.25894
7303,394.29514
7309,395.09561
7310,395.11423
7311,395.14404
7312,395.14575
7313,395.14578
7314,395.1459
7320,395.16714
7321,395.16727
7325,395.24274
7326,395.24442
7327,395.29007
7328,395.29016
7329,395.29019
7331,395.36365
7340,396.1691
7341,396.16919
7342,396.16922
7343,396.16922
7345,396.17584
7347,396.18427
7348,396.18793
7350,396.23734
7352,396.25412
7353,396.25912
7354,396.27457
7355,396.28897
7357,396.28961
7359,396.33197
7361,397.13004
7362,397.13022
7363,397.14966
7364,397.1629
7367,397.17087
7369,397.20142
7371,397.29422
7372,397.30933
7378,398.12637
7380,398.13098
7381,398.14896
7385,398.20242
7386,398.20255
7387,398.20279
7388,398.22736
7389,398.25333
7390,398.25336
7391,398.25339
7392,398.25351
7393,398.26859
7399,398.99323
7404,399.16513
7405,399.17654
7406,399.17825
7407,399.17828
7411,399.24643
7412,399.24655
7413,399.24658
7426,400.16238
7427,400.16257
7428,400.18027
7431,400.2171
7438,400.34167
7439,400.37897
7444,401.15967
7445,401.17984
7446,401.17993
7447,401.1806
7448,401.19373
7449,401.19571
7450,401.19577
7451,401.19583
7452,401.19598
7453,401.2037
7455,401.2608
7458,401.46082
7461,402.12558
7462,402.13675
7468,402.23166
7469,402.23254
7471,402.23267
7473,402.2688
7474,402.30014
7475,402.30014
7476,402.30026
7477,402.3931
7478,402.69681
7482,403.15762
7484,403.17499
7485,403.17511
7486,403.19547
7487,403.20761
7488,403.20935
7493,403.23151
7494,403.23862
7498,404.14539
7499,404.15482
7500,404.15527
7501,404.15561
7502,404.15573
7506,404.20584
7507,404.21939
7508,404.22696
7509,404.228
7510,404.23276
7511,404.24237
7512,404.24286
7515,404.30115
7522,405.15335
7523,405.15341
7525,405.19019
7526,405.19037
7528,405.21136
7530,405.23785
7531,405.26355
7532,405.26373
7533,405.26373
7534,405.26395
7536,405.72589
7538,405.98254
7541,406.11707
7542,406.13361
7543,406.15027
7546,406.22272
7547,406.22281
7549,406.24326
7550,406.24417
7551,406.24817
7553,406.25952
7556,406.32993
7557,406.35297
7558,406.74637
7568,407.20218
7570,407.20663
7573,407.27887
7575,407.27896
7576,407.27908
7577,407.27911
7578,407.27917
7579,407.28931
7584,408.13095
7585,408.16422
7586,408.16592
7588,408.1713
7589,408.17715
7591,408.20166
7592,408.20203
7593,408.20224
7595,408.21191
7596,408.22473
7597,408.23727
7598,408.25046
7600,408.27429
7602,408.27448
7603,408.27463
7606,408.30988
7609,408.7442
7611,409.01855
7613,409.14557
7614,409.14563
7617,409.17175
7619,409.17389
7621,409.18344
7622,409.18759
7623,409.18787
7625,409.25537
7626,409.25803
7632,410.18146
7633,410.19202
7634,410.1922
7636,410.20172
7637,410.23862
7638,410.25427
7639,410.26672
7640,410.26889
7642,410.29037
7644,410.3053
7645,410.3251
7651,411.08978
7655,411.16196
7656,411.17828
7657,411.17859
7658,411.22226
7660,411.32104
7663,412.12836
7664,412.16418
7666,412.21826
7667,412.23416
7668,412.23419
7669,412.25421
7670,412.26804
7671,412.2681
7672,412.26917
7674,412.28357
7675,412.28384
7677,412.28391
7678,412.28397
7679,412.28409
7681,412.32651
7684,412.74677
7686,413.13669
7687,413.14099
7689,413.15652
7690,413.15671
7693,413.26224
7694,413.2662
7698,413.30383
7707,414.13773
7712,414.24762
7715,414.29956
7716,414.29962
7717,414.29974
7718,414.32187
7720,414.76202
7721,415.16071
7722,415.17273
7723,415.17474
7725,415.21082
7726,415.21191
7727,415.21201
7728,415.21201
7729,415.2222
7730,415.245
7731,415.25427
7736,415.31958
7741,416.06686
7743,416.15436
7744,416.15448
7745,416.19174
7750,416.28552
7755,417.0751
7756,417.1759
7757,417.18954
7758,417.1897
7759,417.18988
7760,417.19156
7761,417.22427
7763,417.23413
7764,417.23413
7765,417.23425
7767,417.23746
7768,417.23752
7769,417.23816
7770,417.23828
7771,417.23853
7772,417.25638
7773,417.33524
7779,418.13501
7782,418.20081
7785,418.20789
7786,418.22229
7788,418.25897
7789,418.26465
7793,418.38837
7794,418.7467
7797,419.13312
7799,419.18271
7802,419.20526
7805,419.20706
7813,420.13159
7814,420.14908
7816,420.20157
7817,420.20453
7818,420.22232
7819,420.22238
7820,420.2225
7821,420.22348
7822,420.2236
7823,420.23874
7826,420.27524
7831,421.10904
7832,421.11642
7833,421.13126
7836,421.23331
7837,421.25476
7838,421.25974
7839,421.25986
7843,421.74609
7846,422.11179
7850,422.20355
7852,422.21664
7853,422.21667
7854,422.2168
7855,422.2168
7856,422.22809
7859,422.23907
7862,422.29077
7869,423.177
7870,423.19858
7871,423.20151
7873,423.24808
7875,423.24823
7878,423.27383
7879,423.27386
7880,423.47003
7881,423.73688
7887,424.20844
7888,424.20844
7890,424.21469
7891,424.23328
7894,424.28305
7896,424.30594
7897,424.30603
7898,424.34073
7902,425.10269
7904,425.17746
7906,425.17752
7909,425.24402
7910,425.24966
7912,425.26862
7914,425.26874
7919,426.19772
7920,426.21585
7922,426.23471
7923,426.24594
7925,426.24979
7927,426.28348
7928,426.28369
7930,426.28522
7931,426.28543
7933,426.29984
7934,426.32083
7935,426.35846
7942,427.17184
7943,427.17191
7946,427.19586
7949,427.23367
7950,427.23407
7956,428.2413
7957,428.24942
7958,428.24963
7959,428.24976
7960,428.26218
7961,428.26413
7963,428.27887
7964,428.27911
7965,428.27921
7967,428.37354
7970,429.1312
7971,429.13135
7972,429.1756
7973,429.1882
7974,429.2128
7975,429.23279
7976,429.23282
7978,429.26004
7979,429.26031
7985,430.08163
7986,430.1319
7987,430.17148
7988,430.26535
7989,430.27072
7991,430.29468
7992,430.29477
7993,430.29483
7994,430.29486
7995,430.29492
7996,430.29492
7997,430.29501
7998,430.2952
8000,430.379
8002,430.75684
8006,431.09729
8010,431.17688
8011,431.18765
8015,431.20621
8016,431.20621
8017,431.20645
8021,431.2767
8023,431.31485
8024,431.31488
8025,431.315
8029,432.14835
8031,432.17172
8032,432.20184
8033,432.21552
8035,432.23691
8036,432.23697
8037,432.23755
8038,432.24866
8040,432.27969
8041,432.27991
8042,432.31009
8044,432.31018
8045,432.31033
8046,432.89926
8051,433.1983
8052,433.20459
8053,433.20862
8054,433.20871
8056,433.33054
8058,433.33105
8062,434.19217
8063,434.20239
8064,434.20242
8065,434.20242
8066,434.20248
8068,434.21732
8069,434.21747
8070,434.21747
8071,434.2175
8072,434.29019
8073,434.3829
8076,434.75864
8078,435.12845
8079,435.17587
8080,435.17596
8081,435.20148
8083,435.2244
8085,435.27505
8087,435.3222
8091,436.14383
8092,436.1601
8093,436.16016
8095,436.21716
8096,436.21716
8097,436.21719
8098,436.21719
8099,436.21719
8100,436.21732
8101,436.23215
8102,436.23227
8103,436.23242
8104,436.23248
8106,436.28098
8107,436.37738
8108,436.77505
8110,437.07187
8112,437.19208
8113,437.19308
8114,437.19406
8115,437.19421
8117,437.21588
8123,437.37399
8127,437.97198
8131,438.21118
8132,438.22858
8133,438.23291
8134,438.23303
8135,438.23428
8136,438.24811
8139,438.28537
8140,438.29825
8141,438.35712
8144,439.12808
8145,439.15665
8146,439.15671
8149,439.17188
8151,439.17529
8152,439.19272
8153,439.19577
8154,439.20618
8155,439.21777
8157,439.2702
8160,439.59583
8161,439.60858
8162,439.60867
8171,440.21387
8172,440.24301
8173,440.2496
8174,440.26511
8175,440.27521
8176,440.27588
8177,440.30042
8180,440.35815
8186,441.11517
8188,441.17297
8189,441.17297
8190,441.17297
8191,441.173
8192,441.17303
8193,441.17307
8194,441.17316
8195,441.18823
8196,441.18826
8198,441.20996
8199,441.21259
8211,442.1066
8213,442.15347
8217,442.20685
8218,442.22769
8227,443.08688
8229,443.17377
8233,443.19583
8237,443.272
8238,443.27203
8239,443.27838
8240,443.27844
8242,443.76358
8244,444.14413
8246,444.16623
8250,444.22275
8256,444.29517
8257,444.29526
8261,444.33136
8262,444.40512
8267,445.16302
8268,445.16998
8269,445.19397
8270,445.20334
8271,445.20651
8272,445.20691
8274,445.24045
8275,445.28781
8276,445.29456
8278,445.29462
8282,446.18045
8284,446.20169
8286,446.20197
8287,446.21304
8289,446.25308
8292,446.25885
8293,446.25885
8297,446.28955
8298,446.28983
8299,446.29001
8302,446.30301
8305,446.41971
8306,446.73505
8308,446.88742
8312,447.13416
8313,447.20142
8314,447.2045
8315,447.20798
8316,447.21539
8317,447.22244
8318,447.24374
8322,447.3111
8323,447.38181
8325,448.14255
8326,448.1441
8328,448.16656
8329,448.18039
8330,448.19589
8333,448.23175
8334,448.23404
8338,448.25363
8342,448.25879
8343,448.26996
8344,448.30392
8345,448.30588
8346,448.30588
8348,448.30594
8349,448.30597
8350,448.30606
8351,448.30612
8352,448.30615
8353,448.30621
8354,448.30634
8357,448.60757
8364,449.14923
8367,449.20236
8369,449.21661
8370,449.21677
8372,449.23166
8373,449.23169
8374,449.28882
8377,449.33667
8381,450.19568
8382,450.19794
8383,450.2117
8385,450.24777
8386,450.24789
8387,450.26572
8388,450.26831
8389,450.27493
8390,450.28418
8391,450.32013
8392,450.32013
8393,450.37933
8396,451.16455
8399,451.3143
8400,451.93332
8404,452.15555
8405,452.1918
8407,452.20215
8408,452.21332
8409,452.2135
8410,452.21365
8411,452.22702
8412,452.22726
8414,452.26355
8416,452.27728
8417,452.29996
8421,452.32068
8424,452.77017
8427,453.0993
8428,453.14941
8429,453.16699
8434,453.18845
8435,453.18985
8437,453.21182
8439,453.34406
8443,454.12354
8446,454.22879
8447,454.22928
8448,454.25848
8449,454.28378
8450,454.28387
8451,454.28391
8452,454.29285
8453,454.29297
8454,454.29318
8456,454.32956
8457,454.35272
8458,454.35281
8463,454.70801
8470,455.14597
8471,455.15277
8474,455.16672
8475,455.16681
8476,455.16806
8477,455.1875
8478,455.18759
8479,455.18774
8482,455.22775
8484,455.24744
8485,455.24747
8487,456.2059
8488,456.20706
8489,456.20819
8492,456.23679
8495,456.27127
8497,456.27377
8498,456.28082
8500,456.35352
8502,456.43988
8504,456.77322
8507,457.15781
8508,457.15826
8510,457.18311
8514,457.20654
8518,457.27582
8519,457.28043
8520,457.28769
8521,457.3176
8524,457.60745
8531,458.20242
8532,458.22018
8533,458.22021
8536,458.237
8537,458.23715
8538,458.23721
8541,458.2652
8542,458.26556
8546,458.7887
8548,459.12839
8552,459.18295
8553,459.2215
8554,459.22159
8555,459.22247
8557,459.2226
8558,459.25558
8560,459.26675
8561,459.27878
8563,459.30197
8565,459.34595
8570,460.1608
8571,460.16095
8572,460.19296
8573,460.20169
8574,460.2171
8575,460.2171
8578,460.25067
8579,460.25073
8580,460.25089
8581,460.25299
8583,460.26846
8584,460.26859
8585,460.26953
8586,460.27661
8587,460.31094
8592,461.08768
8593,461.10788
8597,461.23172
8598,461.25452
8599,461.26166
8600,461.2825
8603,461.28998
8607,462.17554
8608,462.18106
8609,462.19763
8610,462.2236
8611,462.22598
8612,462.23199
8613,462.23209
8614,462.23218
8615,462.23291
8617,462.26584
8618,462.26584
8620,462.26596
8621,462.26599
8622,462.26602
8623,462.26614
8624,462.26614
8625,462.26813
8626,462.28467
8627,462.2847
8630,462.3222
8632,462.41443
8638,463.1069
8640,463.16498
8644,463.21707
8645,463.23019
8651,463.28073
8652,463.28323
8653,463.28809
8659,464.22797
8660,464.22818
8662,464.24951
8664,464.2825
8665,464.28262
8666,464.28271
8667,464.28278
8670,464.29944
8671,464.31332
8678,464.98291
8681,465.13913
8682,465.17215
8683,465.17242
8684,465.17587
8685,465.18021
8686,465.19702
8687,465.22702
8688,465.2272
8689,465.2326
8690,465.26099
8691,465.2851
8692,465.28516
8693,465.33276
8694,465.3446
8696,465.77817
8699,466.17032
8700,466.17075
8702,466.17432
8703,466.18643
8705,466.20645
8706,466.24298
8707,466.24307
8708,466.24307
8709,466.26376
8710,466.26453
8711,466.26462
8712,466.26477
8713,466.29318
8714,466.29837
8715,466.31464
8716,466.31473
8717,466.31485
8718,466.31689
8719,466.31705
8720,466.32187
8723,466.60806
8729,467.18893
8730,467.19122
8734,467.27588
8737,467.30222
8739,467.34756
8740,467.73526
8743,468.12769
8744,468.1871
8745,468.20667
8746,468.2561
8747,468.27332
8748,468.28104
8749,468.30731
8750,468.3074
8751,468.31693
8753,468.34561
8759,468.95911
8760,468.9592
8761,468.95923
8762,469.11844
8763,469.18311
8764,469.18347
8766,469.18585
8769,469.20517
8770,469.20621
8771,469.20889
8772,469.20892
8779,469.73914
8784,470.23709
8785,470.23779
8786,470.23792
8787,470.23932
8789,470.26974
8790,470.27182
8792,470.28668
8793,470.28827
8794,470.33191
8800,471.18243
8801,471.1825
8804,471.19897
8805,471.19907
8809,471.22144
8816,472.18164
8818,472.20227
8820,472.21841
8821,472.21844
8822,472.2338
8823,472.25327
8824,472.25333
8826,472.27539
8827,472.27557
8828,472.28238
8829,472.30219
8831,472.30243
8838,472.95435
8840,473.20276
8842,473.22363
8843,473.23181
8845,473.23196
8846,473.23694
8848,473.23935
8858,474.17429
8861,474.18335
8862,474.19073
8864,474.19647
8865,474.19748
8867,474.21484
8868,474.23276
8869,474.23276
8870,474.24786
8871,474.25888
8873,474.26962
8874,474.29166
8875,474.29166
8878,474.72476
8881,475.17691
8883,475.19409
8885,475.21768
8887,475.21857
8888,475.21869
8889,475.23865
8890,475.24084
8891,475.24701
8892,475.24713
8893,475.24716
8895,475.25302
8896,475.25311
8897,475.28058
8906,476.22714
8907,476.22723
8908,476.22745
8910,476.24844
8913,476.28641
8915,476.30508
8916,476.30627
8918,476.32837
8923,477.2092
8924,477.20929
8925,477.21201
8926,477.21982
8927,477.22253
8929,477.2316
8932,477.26273
8934,477.73483
8935,477.95923
8936,477.95923
8940,478.24405
8941,478.24417
8942,478.26141
8943,478.26141
8945,478.2616
8946,478.26395
8947,478.29156
8952,478.32742
8953,478.32748
8955,478.78522
8959,479.18768
8962,479.25482
8964,479.27759
8966,479.29977
8969,480.18558
8971,480.19162
8973,480.2215
8975,480.24414
8977,480.25888
8979,480.27628
8980,480.27628
8981,480.27631
8982,480.27634
8983,480.27652
8984,480.27652
8985,480.27679
8986,480.27863
8987,480.27872
8988,480.27884
8989,480.27917
8993,480.33121
8994,480.33121
8996,480.34378
9000,480.80087
9004,481.08148
9005,481.17371
9009,481.18512
9011,481.24097
9012,481.24109
9015,481.28122
9016,481.28348
9017,481.28375
9018,481.29877
9019,481.29886
9020,481.32593
9021,481.32617
9022,481.32626
9023,481.33856
9024,481.56647
9032,482.11871
9033,482.14267
9034,482.16501
9036,482.20761
9037,482.23853
9038,482.25879
9039,482.25888
9040,482.25891
9042,482.25912
9043,482.29385
9044,482.29391
9045,482.29391
9046,482.2941
9047,482.29416
9050,482.32407
9051,482.32422
9054,482.35944
9056,483.09415
9057,483.16434
9058,483.19919
9059,483.1994
9061,483.22006
9063,483.29504
9066,483.34277
9067,483.34293
9068,483.63513
9069,483.63528
9074,484.05417
9075,484.26678
9076,484.30377
9078,484.30414
9081,484.36252
9082,484.38391
9084,485.11356
9085,485.11386
9086,485.1467
9089,485.20001
9090,485.20001
9091,485.20007
9093,485.23453
9098,486.23221
9099,486.2326
9100,486.2327
9101,486.23279
9103,486.24814
9104,486.25345
9105,486.28143
9109,486.95773
9110,486.95801
9113,487.16354
9115,487.17758
9118,487.21701
9119,487.21725
9120,487.21725
9123,487.29956
9124,487.29968
9129,487.78992
9131,488.24762
9133,488.24893
9134,488.24899
9135,488.24954
9137,488.2742
9138,488.27441
9140,488.29852
9142,488.35709
9147,489.10522
9148,489.17639
9151,489.22702
9152,489.23245
9155,489.31549
9158,490.1701
9159,490.17014
9160,490.17645
9161,490.19199
9163,490.22781
9164,490.22787
9166,490.26398
9167,490.26538
9168,490.26541
9170,490.28452
9171,490.28479
9172,490.28952
9174,490.33054
9175,490.34378
9176,490.44684
9180,491.22787
9182,491.24228
9183,491.24228
9184,491.24237
9187,491.33661
9188,491.3634
9191,492.14038
9192,492.17422
9194,492.1871
9196,492.22336
9197,492.24139
9198,492.24298
9199,492.24359
9200,492.24377
9201,492.24399
9202,492.25946
9203,492.25949
9205,492.28522
9206,492.29276
9209,492.30838
9210,492.3446
9213,492.6347
9214,492.63513
9221,493.20312
9223,493.20346
9225,493.21851
9227,493.22656
9228,493.22681
9236,494.2381
9237,494.23846
9238,494.24869
9241,494.25674
9242,494.25693
9243,494.25906
9244,494.25922
9245,494.25928
9247,494.27475
9250,494.31116
9251,494.32428
9252,494.32437
9256,494.4054
9261,495.19055
9262,495.2002
9263,495.21948
9264,495.22073
9265,495.22076
9269,495.95929
9272,496.17975
9273,496.21915
9275,496.27124
9276,496.27127
9277,496.27127
9278,496.27158
9279,496.27176
9280,496.27368
9281,496.27637
9283,496.30276
9284,496.30292
9285,496.30511
9287,496.33914
9288,496.33926
9289,496.33939
9290,496.33948
9300,497.19794
9302,497.23471
9308,497.36322
9310,497.92682
9312,498.25354
9313,498.25381
9315,498.2692
9316,498.28751
9317,498.2876
9318,498.28763
9319,498.28769
9320,498.28769
9321,498.28778
9322,498.28793
9323,498.28799
9324,498.28809
9325,498.28809
9326,498.30884
9327,498.30884
9328,498.32449
9330,498.35397
9339,499.17249
9340,499.19342
9341,499.19382
9342,499.21457
9343,499.21469
9344,499.21487
9345,499.21741
9346,499.27582
9351,500.28488
9352,500.3031
9353,500.30322
9354,500.30331
9355,500.30347
9356,500.30347
9357,500.3063
9362,500.79968
9366,501.19357
9370,501.28915
9373,501.63486
9374,501.63501
9377,502.22852
9378,502.22858
9380,502.26337
9381,502.26413
9382,502.26413
9383,502.26425
9384,502.26428
9386,502.27924
9387,502.29156
9388,502.29233
9392,502.34467
9393,502.37271
9401,503.23615
9402,503.29324
9403,503.30685
9405,503.31238
9406,503.31497
9411,504.23624
9418,504.24411
9420,504.26657
9425,504.3381
9426,504.34183
9428,504.34439
9429,504.35867
9430,504.3837
9435,505.15378
9437,505.31
9443,506.18689
9444,506.21625
9445,506.22391
9446,506.25269
9447,506.25299
9448,506.27567
9450,506.28897
9452,506.32962
9453,506.35925
9454,506.35938
9460,507.21915
9461,507.23071
9462,507.27344
9463,507.2735
9464,507.27353
9465,507.30853
9466,507.30872
9472,508.15811
9473,508.16299
9474,508.16312
9478,508.23914
9479,508.25272
9480,508.25278
9481,508.25522
9482,508.33942
9483,508.37482
9484,508.37491
9488,509.17819
9492,509.31113
9493,509.31128
9498,509.5032
9499,509.80475
9500,510.16464
9501,510.17865
9502,510.17883
9503,510.20236
9504,510.23334
9505,510.23334
9506,510.23346
9507,510.23361
9508,510.2338
9510,510.2525
9511,510.25543
9512,510.35376
9513,510.35635
9514,510.35651
9516,510.39166
9517,510.39203
9518,510.6351
9523,511.14401
9524,511.15866
9526,511.16644
9527,511.19434
9528,511.285
9531,511.30399
9532,511.30612
9533,511.32809
9534,511.37253
9536,512.21753
9538,512.26697
9539,512.26709
9540,512.26727
9541,512.2674
9543,512.2699
9544,512.2699
9545,512.2699
9546,512.27026
9547,512.27032
9550,512.28876
9554,512.33588
9555,512.34381
9557,512.39349
9558,512.50238
9560,512.98499
9561,512.98517
9565,513.2085
9567,513.24335
9568,513.26556
9577,514.28198
9578,514.28223
9579,514.28229
9580,514.28229
9581,514.28235
9582,514.28247
9583,514.28271
9584,514.28552
9585,514.29883
9586,514.35938
9593,515.13654
9594,515.16858
9595,515.18756
9596,515.18781
9597,515.18793
9599,515.20197
9600,515.21027
9601,515.21027
9604,515.31506
9605,515.31512
9607,515.31537
9613,516.24756
9614,516.27905
9615,516.28052
9618,516.28094
9619,516.29773
9620,516.29822
9621,516.29834
9622,516.29858
9623,516.29858
9624,516.29871
9625,516.30151
9626,516.30402
9627,516.30426
9629,516.315
9636,517.17291
9639,517.2287
9640,517.32904
9641,517.32922
9642,517.32941
9644,517.33173
9650,518.2218
9651,518.25256
9654,518.31793
9655,518.31812
9656,518.32074
9659,518.32111
9661,518.32391
9674,519.30743
9677,519.33411
9681,520.23383
9683,520.26813
9685,520.28955
9688,520.33264
9689,520.33801
9690,520.33801
9697,521.23444
9698,521.25391
9699,521.25708
9700,521.28198
9703,521.98511
9707,522.23438
9708,522.23444
9709,522.26843
9710,522.26862
9711,522.26862
9712,522.28528
9714,522.28625
9715,522.31134
9716,522.31891
9721,522.35571
9722,522.35596
9726,522.81201
9731,523.23077
9733,523.29712
9735,523.30292
9737,523.77454
9743,524.23999
9744,524.2489
9745,524.24896
9746,524.24896
9747,524.24902
9748,524.24902
9749,524.24908
9750,524.24921
9751,524.28613
9753,524.37134
9754,524.3714
9755,524.3714
9756,524.3714
9757,524.37146
9758,524.37152
9759,524.37152
9760,524.37152
9762,524.37177
9767,525.13971
9768,525.14001
9770,525.19415
9773,525.30682
9774,525.3089
9782,526.22687
9783,526.2326
9784,526.24969
9785,526.24976
9786,526.24988
9793,526.39563
9797,527.19135
9799,527.21625
9800,527.24713
9803,527.2832
9804,527.28455
9805,527.30133
9806,527.32159
9807,527.6604
9808,527.66077
9813,528.24481
9814,528.26471
9815,528.26477
9817,528.3161
9822,528.34241
9829,529.1842
9830,529.2041
9831,529.20428
9833,529.25629
9835,529.27655
9837,529.29401
9838,529.29407
9844,530.2771
9845,530.27985
9846,530.28723
9848,530.297
9851,530.35748
9854,530.98389
9855,530.98615
9859,531.20435
9860,531.20453
9861,531.24933
9866,531.30878
9867,531.30884
9868,531.30884
9869,531.30896
9870,531.32367
9876,531.81757
9883,532.27405
9888,532.29468
9889,532.29504
9890,532.29523
9892,532.37292
9893,532.37616
9894,532.38495
9895,532.39917
9902,533.32373
9903,533.32373
9904,533.32385
9905,533.32385
9906,533.32404
9911,534.23615
9913,534.25366
9916,534.29443
9918,534.31232
9919,534.31244
9920,534.34467
9924,534.35602
9925,534.94531
9927,535.26508
9928,535.26514
9931,535.31775
9939,536.15332
9940,536.26514
9942,536.28558
9946,536.32373
9947,536.37061
9948,536.37073
9950,536.65967
9953,536.9953
9955,537.19434
9957,537.21021
9959,537.24841
9960,537.29932
9962,537.32959
9963,537.53448
9964,538.06378
9965,538.12732
9966,538.15918
9968,538.25104
9969,538.25116
9971,538.26245
9973,538.26392
9974,538.28101
9984,539.19147
9985,539.20929
9995,539.9856
9998,540.3064
10000,540.3302
10001,540.33032
10004,540.37451
10006,540.75183
10009,541.20557
10010,541.24158
10012,541.31665
10013,541.31689
10020,542.29474
10021,542.30994
10022,542.32135
10024,542.3219
10025,542.32452
10026,542.32458
10027,542.33649
10028,542.33673
10037,543.13116
10038,543.27844
10042,543.30249
10044,543.34491
10051,544.31262
10053,544.33087
10054,544.33649
10055,544.33673
10056,544.33911
10062,544.82465
10067,545.25885
10068,545.25909
10069,545.25928
10073,545.31635
10077,545.66071
10081,546.25354
10086,546.35333
10088,546.36877
10089,546.40057
10099,547.32068
10100,547.33301
10107,548.25891
10108,548.26318
10109,548.27185
10110,548.28424
10111,548.28595
10112,548.28601
10114,548.34497
10115,548.36346
10116,548.36932
10117,548.36957
10118,548.53931
10127,549.26593
10130,549.32037
10133,549.33582
10136,550.341
10138,550.34137
10139,550.38721
10143,551.33411
10144,551.33417
10145,551.3371
10149,551.93048
10150,551.94312
10154,552.18878
10156,552.18884
10157,552.21069
10159,552.22827
10160,552.22833
10164,552.29041
10175,553.29675
10177,553.33789
10181,553.82904
10182,553.82916
10183,553.82922
10186,554.05469
10187,554.22192
10190,554.24536
10192,554.24567
10194,554.25873
10201,555.22235
10202,555.29309
10208,555.52643
10212,556.33075
10214,556.36829
10219,556.92877
10220,557.00989
10221,557.00989
10223,557.20044
10225,557.24652
10226,557.24683
10227,557.25958
10228,557.2619
10230,557.32446
10246,558.28992
10258,559.15143
10260,559.29803
10263,559.33936
10264,559.33942
10265,559.36682
10268,559.51709
10273,560.21808
10274,560.24243
10275,560.25592
10280,560.30634
10281,560.30634
10283,560.32837
10284,560.32855
10285,560.32898
10286,560.33405
10302,561.25366
10303,561.25397
10304,561.25397
10306,561.32013
10309,561.3645
10312,562.28595
10313,562.28632
10314,562.28632
10315,562.34308
10316,562.34314
10317,562.34344
10323,563.21362
10328,564.28967
10329,564.30505
10330,564.35956
10336,565.25995
10337,565.28247
10341,565.56476
10342,565.56488
10343,566.00946
10344,566.01263
10346,566.27045
10348,566.31952
10349,566.32214
10351,566.32257
10353,566.34436
10362,567.18982
10366,567.24066
10371,567.33057
10374,568.20276
10380,568.33795
10381,568.34021
10391,569.27252
10392,569.28986
10399,569.39813
10404,570.21777
10405,570.21783
10407,570.25378
10408,570.25385
10409,570.35333
10410,570.35352
10411,570.3537
10412,570.3537
10415,570.37976
10416,570.42157
10418,571.28564
10419,571.2951
10422,571.30469
10424,571.39545
10425,571.68622
10426,571.68671
10429,572.23462
10430,572.29852
10433,572.37048
10434,572.37115
10435,572.38446
10436,572.43488
10438,572.76648
10442,573.29779
10443,573.30389
10446,573.32678
10447,573.70746
10448,573.70758
10453,574.23615
10456,574.28485
10457,574.28503
10458,574.30768
10459,574.31335
10466,575.26837
10469,575.3432
10470,575.34998
10471,575.37262
10474,575.84424
10475,575.84436
10480,576.27911
10481,576.27924
10483,576.29968
10486,576.32886
10487,576.32922
10488,576.4082
10491,577.31158
10497,578.27954
10498,578.29681
10499,578.33917
10500,578.33942
10501,578.38159
10503,579.22614
10504,579.24017
10506,579.29285
10508,579.7749
10513,580.60773
10521,581.2052
10523,581.23706
10527,582.25952
10530,582.28961
10531,582.28967
10533,582.29291
10546,583.23676
10548,583.25391
10549,583.25397
10550,583.30432
10551,583.31934
10552,583.32349
10560,584.23334
10561,584.27002
10562,584.2702
10566,584.35699
10567,584.35706
10568,584.35724
10573,585.13214
10574,585.19568
10575,585.26953
10576,585.26959
10578,585.2868
10579,585.28943
10580,585.48401
10581,585.48401
10582,585.48407
10583,586.25049
10584,586.25079
10585,586.2843
10587,586.28455
10588,586.36145
10589,586.36176
10591,586.37488
10593,586.37708
10602,587.32892
10606,587.54785
10607,587.54803
10613,588.35974
10614,588.38269
10615,588.38287
10616,588.38989
10617,588.71783
10623,589.22357
10624,589.22687
10627,589.34204
10628,589.34241
10632,590.28986
10634,590.32043
10639,591.2395
10642,591.31757
10646,591.34521
10648,591.35858
10650,592.11926
10651,592.22803
10653,592.29742
10655,592.33496
10658,592.37653
10659,592.39014
10662,593.30658
10663,593.30688
10664,593.30688
10665,593.3277
10667,593.33405
10668,593.33417
10671,594.19861
10672,594.19867
10675,594.29132
10678,594.35291
10683,595.28448
10685,595.34698
10686,595.34717
10691,596.237
10694,596.26392
10695,596.27148
10696,596.30481
10697,596.30579
10698,596.3714
10701,597.36017
10702,597.36353
10703,597.36371
10704,597.37384
10706,597.85559
10707,597.85596
10710,598.2475
10716,598.27142
10717,598.27161
10720,598.28101
10729,599.29309
10731,599.3902
10732,599.3905
10735,600.2644
10737,600.26495
10738,600.26801
10739,600.29816
10741,600.39355
10743,601.0354
10744,601.03882
10745,601.33624
10751,602.30957
10756,603.05579
10760,603.29169
10761,603.29175
10762,603.30237
10769,604.29413
10770,604.29468
10771,604.35413
10772,604.35443
10774,604.35461
10776,604.38239
10777,604.38251
10780,604.383
10787,606.36731
10788,606.37042
10789,606.37061
10790,607.21344
10791,607.24951
10793,607.34503
10796,608.2796
10800,608.38611
10801,608.46307
10802,608.46307
10805,609.22681
10806,609.30872
10807,609.33795
10810,609.34033
10812,609.40112
10815,610.19482
10821,610.28394
10822,610.31805
10823,610.31866
10824,610.33325
10826,610.33362
10832,611.24243
10833,611.24829
10836,611.35699
10837,611.35754
10839,612.25049
10840,612.31055
10841,612.33545
10846,613.18927
10850,613.35828
10851,613.35828
10855,614.44702
10858,615.28925
10859,615.28949
10860,615.34662
10863,615.71271
10864,615.71277
10866,616.04614
10868,616.26038
10869,616.2605
10874,616.46222
10882,618.0661
10883,618.06659
10885,618.33319
10890,619.34784
10892,619.87048
10893,619.87061
10896,620.32819
10897,620.36908
10898,620.43433
10901,621.0166
10903,621.21552
10904,621.30347
10905,621.30365
10909,621.84094
10913,622.36261
10914,622.36298
10916,622.40662
10919,623.25299
10921,623.30951
10922,623.30969
10923,623.30969
10927,624.23303
10928,624.29956
10929,624.31757
10930,624.33527
10938,625.13922
10940,625.26459
10941,625.28448
10943,625.32544
10944,625.3255
10950,626.315
10959,628.26434
10960,628.38348
10961,628.38373
10966,630.23999
10967,630.24023
10973,630.38989
10974,630.68292
10976,630.724
10981,631.35266
10982,631.41199
10983,632.28961
10984,632.29034
10986,632.38385
10989,632.7417
10992,632.81744
10997,633.36884
10998,633.36896
10999,633.37628
11001,633.37659
11002,634.45129
11006,635.35394
11009,635.38428
11013,636.14423
11015,636.3913
11019,636.79791
11025,638.33704
11035,641.32306
11036,641.88123
11037,641.88171
11038,642.19965
11041,642.27466
11047,643.29425
11050,644.26996
11051,644.31329
11052,644.31354
11053,644.34393
11054,644.34399
11055,644.3598
11059,645.06195
11060,645.06201
11068,646.35742
11070,646.81348
11075,647.35565
11077,647.35596
11084,648.38043
11085,648.38068
11086,648.3808
11091,649.37213
11095,650.26575
11096,650.26599
11097,650.2785
11099,650.36096
11100,650.39673
11101,650.39703
11106,651.2829
11116,652.41101
11119,653.33344
11120,653.42706
11122,654.44263
11123,654.46265
11124,655.27551
11125,655.31653
11126,655.37988
11127,655.38031
11128,656.26038
11131,656.31226
11141,658.47382
11144,659.27063
11145,659.27179
11146,659.27179
11147,659.27191
11148,659.27191
11150,659.35663
11152,659.69281
11156,660.29999
11162,661.3717
11163,661.37195
11164,661.37207
11169,662.36084
11173,663.32013
11174,663.89478
11175,663.89539
11177,664.3075
11178,664.30786
11182,664.46289
11185,665.74414
11188,666.35181
11190,666.38898
11197,668.33405
11198,668.33783
11209,672.40771
11210,672.40784
11215,673.3269
11216,673.33508
11217,674.38837
11222,675.35205
11223,675.37769
11224,675.43945
11225,675.67712
11227,676.29785
11228,676.29791
11229,676.41119
11234,677.32465
11236,677.3667
11237,677.36676
11238,677.36731
11240,677.39594
11241,677.39594
11248,679.41107
11253,680.75195
11257,681.25348
11258,681.25354
11259,681.25397
11262,682.29218
11263,682.31586
11264,682.33398
11265,682.33405
11267,682.38812
11274,684.2865
11275,684.2865
11278,685.31964
11279,685.90607
11280,685.91046
11283,688.49084
11288,689.56036
11295,692.4043
11296,692.40442
11297,692.40454
11303,694.22675
11305,694.42133
11306,694.42163
11309,695.09454
11310,695.3075
11312,695.42871
11315,696.2428
11316,696.24304
11317,696.2431
11318,696.32996
11320,696.41711
11322,696.43939
11323,697.26154
11324,697.35956
11325,697.45062
11326,698.25934
11327,698.33832
11329,698.46973
11333,699.40723
11339,701.31842
11340,701.31848
11347,702.49988
11349,702.86749
11353,703.57288
11354,703.57288
11355,703.57672
11364,706.38763
11367,707.33624
11370,707.9212
11371,707.9212
11372,708.4884
11377,709.35205
11378,709.35706
11381,710.10114
11394,713.84418
11395,714.0296
11397,714.23352
11398,714.34436
11403,716.43286
11404,716.43286
11407,718.34613
11411,719.40656
11412,719.46521
11414,720.43695
11417,721.41852
11424,723.43469
11426,724.34003
11430,724.77893
11432,724.86279
11435,725.5556
11437,727.84241
11439,728.42523
11440,729.5896
11441,729.5899
11442,729.9325
11443,729.93268
11444,730.31158
11445,730.53961
11448,732.552
11457,736.43262
11464,738.34003
11465,738.44519
11466,738.44556
11468,739.45459
11470,740.27087
11471,740.27148
11472,740.46222
11476,741.38507
11477,741.47986
11478,742.31464
11479,742.49622
11481,743.43231
11483,744.55212
11488,746.52734
11493,749.35992
11497,751.37067
11500,751.94855
11501,752.51526
11503,754.12866
11513,758.56104
11514,758.56598
11515,758.5661
11516,758.57074
11517,759.36029
11518,759.36041
11519,759.50482
11521,760.46265
11522,760.46295
11526,761.36353
11530,763.3598
11531,763.4306
11532,763.48956
11533,764.46149
11540,768.47076
11542,768.59015
11543,768.59033
11548,770.53107
11551,770.92065
11552,770.96515
11553,771.33276
11555,773.95972
11560,777.37598
11562,778.21552
11563,779.435
11565,780.45892
11569,781.34277
11570,781.35724
11572,782.28052
11573,782.37946
11574,782.4726
11575,782.4729
11576,782.56927
11577,782.56934
11578,782.56934
11579,782.56934
11583,783.48004
11586,784.49036
11590,785.50616
11591,785.59064
11592,786.51978
11598,788.354
11599,788.61615
11602,790.55194
11605,792.58844
11606,792.5885
11608,794.44531
11610,794.60278
11611,794.60291
11615,796.63727
11617,798.15735
11620,799.57178
11628,804.48248
11629,804.48743
11630,804.48779
11634,806.56757
11635,806.56769
11636,806.56775
11639,807.51984
11640,807.57513
11641,808.02063
11642,808.49066
11651,812.8291
11653,813.5498
11654,813.68103
11659,817.58063
11660,817.58099
11662,818.60504
11663,818.60559
11669,822.44104
11670,824.48566
11671,826.49823
11672,826.4986
11674,827.39569
11675,827.50732
11677,828.51385
11681,829.36548
11682,829.53076
11683,830.54633
11685,830.56757
11686,830.57593
11691,834.57928
11692,834.60052
11693,834.60779
11694,834.88794
11695,835.39496
11697,835.53021
11698,835.5343
11702,839.56293
11710,846.38129
11711,846.44312
11715,848.88562
11716,849.66528
11717,851.39813
11718,851.42255
11719,851.54059
11721,852.96924
11722,852.97504
11727,857.48126
11730,863.42737
11731,866.96497
11733,868.51086
11734,870.28064
11735,870.40741
11737,870.52844
11740,872.54187
11741,873.55591
11746,874.44495
11747,874.5733
11749,877.40698
11750,878.60461
11751,880.50293
11753,881.44427
11754,884.40601
11760,891.41888
11768,899.63361
11771,906.57019
11775,908.40942
11776,912.53363
11779,915.62579
11782,917.59357
11784,918.59552
11785,921.61359
11788,923.56
11790,927.5929
11792,931.62384
11793,931.6239
11794,931.62421
11795,931.62427
11797,934.62457
11799,938.46832
11802,939.57666
11807,945.01392
11809,945.64038
11812,948.65424
11813,949.57642
11816,953.60553
11818,954.46301
11820,956.56592
11824,961.57996
11825,961.69299
11826,962.62598
11828,963.59814
11830,965.61432
11832,970.51947
11833,973.54559
11843,981.60303
11844,981.60944
11847,984.4978
11852,987.50616
11853,987.54327
11855,987.63916
11857,988.5293
11861,991.66846
11862,991.66864
11865,995.35663
11866,995.35815
11867,995.56769
11868,995.56787
11869,997.58179
11871,999.38965
11873,999.60138
11874,999.6015
11875,999.60168
11876,1000.59106
11877,1001.65668
11883,1005.51691
11886,1006.40186
11889,1011.35522
11890,1013.57825
11892,1013.65314
11896,1015.66888
11897,1015.66895
11898,1015.74683
11900,1017.68243
11901,1017.69012
11908,1023.52734
11911,1025.65637
11914,1027.5603
11915,1027.56042
11921,1031.58569
11922,1031.58643
11923,1031.59412
11924,1031.60254
11931,1039.66895
11932,1039.66895
11937,1041.6825
11942,1043.70337
11943,1044.58228
11945,1044.58289
11947,1048.61218
11948,1048.61243
11952,1053.51587
11954,1053.71985
11964,1062.62244
11965,1063.67334
11966,1063.67346
11967,1065.68335
11968,1065.68481
11974,1070.54187
11977,1082.61597
11984,1087.66846
11985,1087.66846
11989,1091.70227
11999,1110.68445
12000,1111.66663
12001,1111.66687
12005,1135.66931
12006,1138.59729
12009,1150.68005
12012,1165.59131
12015,1174.92126
12016,1175.25574
12019,1184.58679
12021,1247.63501
12023,1298.24878
12024,1306.76099
12025,1487.00793
